solid sphere_r1
  facet normal 0.068239 0.009379 0.997625
    outer loop
      vertex 0.136167 0.000000 0.990686
      vertex 0.131117 0.036737 0.990686
      vertex 0.000000 0.000000 1.000000
    endloop
  endfacet
  facet normal 0.063178 0.027442 0.997625
    outer loop
      vertex 0.131117 0.036737 0.990686
      vertex 0.116343 0.070750 0.990686
      vertex 0.000000 0.000000 1.000000
    endloop
  endfacet
  facet normal 0.053432 0.043470 0.997625
    outer loop
      vertex 0.116343 0.070750 0.990686
      vertex 0.092941 0.099515 0.990686
      vertex 0.000000 0.000000 1.000000
    endloop
  endfacet
  facet normal 0.039722 0.056274 0.997625
    outer loop
      vertex 0.092941 0.099515 0.990686
      vertex 0.062646 0.120900 0.990686
      vertex 0.000000 0.000000 1.000000
    endloop
  endfacet
  facet normal 0.023067 0.064904 0.997625
    outer loop
      vertex 0.062646 0.120900 0.990686
      vertex 0.027704 0.133319 0.990686
      vertex 0.000000 0.000000 1.000000
    endloop
  endfacet
  facet normal 0.004701 0.068720 0.997625
    outer loop
      vertex 0.027704 0.133319 0.990686
      vertex -0.009292 0.135849 0.990686
      vertex 0.000000 0.000000 1.000000
    endloop
  endfacet
  facet normal -0.014014 0.067440 0.997625
    outer loop
      vertex -0.009292 0.135849 0.990686
      vertex -0.045599 0.128305 0.990686
      vertex -0.000000 0.000000 1.000000
    endloop
  endfacet
  facet normal -0.031690 0.061158 0.997625
    outer loop
      vertex -0.045599 0.128305 0.990686
      vertex -0.078525 0.111244 0.990686
      vertex -0.000000 0.000000 1.000000
    endloop
  endfacet
  facet normal -0.047015 0.050341 0.997625
    outer loop
      vertex -0.078525 0.111244 0.990686
      vertex -0.105626 0.085933 0.990686
      vertex -0.000000 0.000000 1.000000
    endloop
  endfacet
  facet normal -0.058853 0.035789 0.997625
    outer loop
      vertex -0.105626 0.085933 0.990686
      vertex -0.124894 0.054249 0.990686
      vertex -0.000000 0.000000 1.000000
    endloop
  endfacet
  facet normal -0.066327 0.018584 0.997625
    outer loop
      vertex -0.124894 0.054249 0.990686
      vertex -0.134898 0.018541 0.990686
      vertex -0.000000 0.000000 1.000000
    endloop
  endfacet
  facet normal -0.068881 0.000000 0.997625
    outer loop
      vertex -0.134898 0.018541 0.990686
      vertex -0.134898 -0.018541 0.990686
      vertex -0.000000 0.000000 1.000000
    endloop
  endfacet
  facet normal -0.066327 -0.018584 0.997625
    outer loop
      vertex -0.134898 -0.018541 0.990686
      vertex -0.124894 -0.054249 0.990686
      vertex -0.000000 -0.000000 1.000000
    endloop
  endfacet
  facet normal -0.058853 -0.035789 0.997625
    outer loop
      vertex -0.124894 -0.054249 0.990686
      vertex -0.105626 -0.085933 0.990686
      vertex -0.000000 -0.000000 1.000000
    endloop
  endfacet
  facet normal -0.047015 -0.050341 0.997625
    outer loop
      vertex -0.105626 -0.085933 0.990686
      vertex -0.078525 -0.111244 0.990686
      vertex -0.000000 -0.000000 1.000000
    endloop
  endfacet
  facet normal -0.031690 -0.061158 0.997625
    outer loop
      vertex -0.078525 -0.111244 0.990686
      vertex -0.045599 -0.128305 0.990686
      vertex -0.000000 -0.000000 1.000000
    endloop
  endfacet
  facet normal -0.014014 -0.067440 0.997625
    outer loop
      vertex -0.045599 -0.128305 0.990686
      vertex -0.009292 -0.135849 0.990686
      vertex -0.000000 -0.000000 1.000000
    endloop
  endfacet
  facet normal 0.004701 -0.068720 0.997625
    outer loop
      vertex -0.009292 -0.135849 0.990686
      vertex 0.027704 -0.133319 0.990686
      vertex -0.000000 -0.000000 1.000000
    endloop
  endfacet
  facet normal 0.023067 -0.064904 0.997625
    outer loop
      vertex 0.027704 -0.133319 0.990686
      vertex 0.062646 -0.120900 0.990686
      vertex 0.000000 -0.000000 1.000000
    endloop
  endfacet
  facet normal 0.039722 -0.056274 0.997625
    outer loop
      vertex 0.062646 -0.120900 0.990686
      vertex 0.092941 -0.099515 0.990686
      vertex 0.000000 -0.000000 1.000000
    endloop
  endfacet
  facet normal 0.053432 -0.043470 0.997625
    outer loop
      vertex 0.092941 -0.099515 0.990686
      vertex 0.116343 -0.070750 0.990686
      vertex 0.000000 -0.000000 1.000000
    endloop
  endfacet
  facet normal 0.063178 -0.027442 0.997625
    outer loop
      vertex 0.116343 -0.070750 0.990686
      vertex 0.131117 -0.036737 0.990686
      vertex 0.000000 -0.000000 1.000000
    endloop
  endfacet
  facet normal 0.068239 -0.009379 0.997625
    outer loop
      vertex 0.131117 -0.036737 0.990686
      vertex 0.136167 -0.000000 0.990686
      vertex 0.000000 -0.000000 1.000000
    endloop
  endfacet
  facet normal 0.203377 0.027953 0.978701
    outer loop
      vertex 0.136167 0.000000 0.990686
      vertex 0.269797 0.000000 0.962917
      vertex 0.259792 0.072790 0.962917
    endloop
  endfacet
  facet normal 0.203377 0.027953 0.978701
    outer loop
      vertex 0.136167 0.000000 0.990686
      vertex 0.259792 0.072790 0.962917
      vertex 0.131117 0.036737 0.990686
    endloop
  endfacet
  facet normal 0.188293 0.081787 0.978701
    outer loop
      vertex 0.131117 0.036737 0.990686
      vertex 0.259792 0.072790 0.962917
      vertex 0.230520 0.140182 0.962917
    endloop
  endfacet
  facet normal 0.188293 0.081787 0.978701
    outer loop
      vertex 0.131117 0.036737 0.990686
      vertex 0.230520 0.140182 0.962917
      vertex 0.116343 0.070750 0.990686
    endloop
  endfacet
  facet normal 0.159245 0.129555 0.978701
    outer loop
      vertex 0.116343 0.070750 0.990686
      vertex 0.230520 0.140182 0.962917
      vertex 0.184151 0.197177 0.962917
    endloop
  endfacet
  facet normal 0.159245 0.129555 0.978701
    outer loop
      vertex 0.116343 0.070750 0.990686
      vertex 0.184151 0.197177 0.962917
      vertex 0.092941 0.099515 0.990686
    endloop
  endfacet
  facet normal 0.118386 0.167715 0.978701
    outer loop
      vertex 0.092941 0.099515 0.990686
      vertex 0.184151 0.197177 0.962917
      vertex 0.124124 0.239549 0.962917
    endloop
  endfacet
  facet normal 0.118386 0.167715 0.978701
    outer loop
      vertex 0.092941 0.099515 0.990686
      vertex 0.124124 0.239549 0.962917
      vertex 0.062646 0.120900 0.990686
    endloop
  endfacet
  facet normal 0.068747 0.193435 0.978701
    outer loop
      vertex 0.062646 0.120900 0.990686
      vertex 0.124124 0.239549 0.962917
      vertex 0.054892 0.264154 0.962917
    endloop
  endfacet
  facet normal 0.068747 0.193435 0.978701
    outer loop
      vertex 0.062646 0.120900 0.990686
      vertex 0.054892 0.264154 0.962917
      vertex 0.027704 0.133319 0.990686
    endloop
  endfacet
  facet normal 0.014009 0.204810 0.978701
    outer loop
      vertex 0.027704 0.133319 0.990686
      vertex 0.054892 0.264154 0.962917
      vertex -0.018412 0.269168 0.962917
    endloop
  endfacet
  facet normal 0.014009 0.204810 0.978701
    outer loop
      vertex 0.027704 0.133319 0.990686
      vertex -0.018412 0.269168 0.962917
      vertex -0.009292 0.135849 0.990686
    endloop
  endfacet
  facet normal -0.041767 0.200995 0.978701
    outer loop
      vertex -0.009292 0.135849 0.990686
      vertex -0.018412 0.269168 0.962917
      vertex -0.090349 0.254219 0.962917
    endloop
  endfacet
  facet normal -0.041767 0.200995 0.978701
    outer loop
      vertex -0.009292 0.135849 0.990686
      vertex -0.090349 0.254219 0.962917
      vertex -0.045599 0.128305 0.990686
    endloop
  endfacet
  facet normal -0.094446 0.182273 0.978701
    outer loop
      vertex -0.045599 0.128305 0.990686
      vertex -0.090349 0.254219 0.962917
      vertex -0.155586 0.220416 0.962917
    endloop
  endfacet
  facet normal -0.094446 0.182273 0.978701
    outer loop
      vertex -0.045599 0.128305 0.990686
      vertex -0.155586 0.220416 0.962917
      vertex -0.078525 0.111244 0.990686
    endloop
  endfacet
  facet normal -0.140120 0.150032 0.978701
    outer loop
      vertex -0.078525 0.111244 0.990686
      vertex -0.155586 0.220416 0.962917
      vertex -0.209284 0.170265 0.962917
    endloop
  endfacet
  facet normal -0.140120 0.150032 0.978701
    outer loop
      vertex -0.078525 0.111244 0.990686
      vertex -0.209284 0.170265 0.962917
      vertex -0.105626 0.085933 0.990686
    endloop
  endfacet
  facet normal -0.175403 0.106665 0.978701
    outer loop
      vertex -0.105626 0.085933 0.990686
      vertex -0.209284 0.170265 0.962917
      vertex -0.247461 0.107487 0.962917
    endloop
  endfacet
  facet normal -0.175403 0.106665 0.978701
    outer loop
      vertex -0.105626 0.085933 0.990686
      vertex -0.247461 0.107487 0.962917
      vertex -0.124894 0.054249 0.990686
    endloop
  endfacet
  facet normal -0.197676 0.055386 0.978701
    outer loop
      vertex -0.124894 0.054249 0.990686
      vertex -0.247461 0.107487 0.962917
      vertex -0.267284 0.036737 0.962917
    endloop
  endfacet
  facet normal -0.197676 0.055386 0.978701
    outer loop
      vertex -0.124894 0.054249 0.990686
      vertex -0.267284 0.036737 0.962917
      vertex -0.134898 0.018541 0.990686
    endloop
  endfacet
  facet normal -0.205289 0.000000 0.978701
    outer loop
      vertex -0.134898 0.018541 0.990686
      vertex -0.267284 0.036737 0.962917
      vertex -0.267284 -0.036737 0.962917
    endloop
  endfacet
  facet normal -0.205289 0.000000 0.978701
    outer loop
      vertex -0.134898 0.018541 0.990686
      vertex -0.267284 -0.036737 0.962917
      vertex -0.134898 -0.018541 0.990686
    endloop
  endfacet
  facet normal -0.197676 -0.055386 0.978701
    outer loop
      vertex -0.134898 -0.018541 0.990686
      vertex -0.267284 -0.036737 0.962917
      vertex -0.247461 -0.107487 0.962917
    endloop
  endfacet
  facet normal -0.197676 -0.055386 0.978701
    outer loop
      vertex -0.134898 -0.018541 0.990686
      vertex -0.247461 -0.107487 0.962917
      vertex -0.124894 -0.054249 0.990686
    endloop
  endfacet
  facet normal -0.175403 -0.106665 0.978701
    outer loop
      vertex -0.124894 -0.054249 0.990686
      vertex -0.247461 -0.107487 0.962917
      vertex -0.209284 -0.170265 0.962917
    endloop
  endfacet
  facet normal -0.175403 -0.106665 0.978701
    outer loop
      vertex -0.124894 -0.054249 0.990686
      vertex -0.209284 -0.170265 0.962917
      vertex -0.105626 -0.085933 0.990686
    endloop
  endfacet
  facet normal -0.140120 -0.150032 0.978701
    outer loop
      vertex -0.105626 -0.085933 0.990686
      vertex -0.209284 -0.170265 0.962917
      vertex -0.155586 -0.220416 0.962917
    endloop
  endfacet
  facet normal -0.140120 -0.150032 0.978701
    outer loop
      vertex -0.105626 -0.085933 0.990686
      vertex -0.155586 -0.220416 0.962917
      vertex -0.078525 -0.111244 0.990686
    endloop
  endfacet
  facet normal -0.094446 -0.182273 0.978701
    outer loop
      vertex -0.078525 -0.111244 0.990686
      vertex -0.155586 -0.220416 0.962917
      vertex -0.090349 -0.254219 0.962917
    endloop
  endfacet
  facet normal -0.094446 -0.182273 0.978701
    outer loop
      vertex -0.078525 -0.111244 0.990686
      vertex -0.090349 -0.254219 0.962917
      vertex -0.045599 -0.128305 0.990686
    endloop
  endfacet
  facet normal -0.041767 -0.200995 0.978701
    outer loop
      vertex -0.045599 -0.128305 0.990686
      vertex -0.090349 -0.254219 0.962917
      vertex -0.018412 -0.269168 0.962917
    endloop
  endfacet
  facet normal -0.041767 -0.200995 0.978701
    outer loop
      vertex -0.045599 -0.128305 0.990686
      vertex -0.018412 -0.269168 0.962917
      vertex -0.009292 -0.135849 0.990686
    endloop
  endfacet
  facet normal 0.014009 -0.204810 0.978701
    outer loop
      vertex -0.009292 -0.135849 0.990686
      vertex -0.018412 -0.269168 0.962917
      vertex 0.054892 -0.264154 0.962917
    endloop
  endfacet
  facet normal 0.014009 -0.204810 0.978701
    outer loop
      vertex -0.009292 -0.135849 0.990686
      vertex 0.054892 -0.264154 0.962917
      vertex 0.027704 -0.133319 0.990686
    endloop
  endfacet
  facet normal 0.068747 -0.193435 0.978701
    outer loop
      vertex 0.027704 -0.133319 0.990686
      vertex 0.054892 -0.264154 0.962917
      vertex 0.124124 -0.239549 0.962917
    endloop
  endfacet
  facet normal 0.068747 -0.193435 0.978701
    outer loop
      vertex 0.027704 -0.133319 0.990686
      vertex 0.124124 -0.239549 0.962917
      vertex 0.062646 -0.120900 0.990686
    endloop
  endfacet
  facet normal 0.118386 -0.167715 0.978701
    outer loop
      vertex 0.062646 -0.120900 0.990686
      vertex 0.124124 -0.239549 0.962917
      vertex 0.184151 -0.197177 0.962917
    endloop
  endfacet
  facet normal 0.118386 -0.167715 0.978701
    outer loop
      vertex 0.062646 -0.120900 0.990686
      vertex 0.184151 -0.197177 0.962917
      vertex 0.092941 -0.099515 0.990686
    endloop
  endfacet
  facet normal 0.159245 -0.129555 0.978701
    outer loop
      vertex 0.092941 -0.099515 0.990686
      vertex 0.184151 -0.197177 0.962917
      vertex 0.230520 -0.140182 0.962917
    endloop
  endfacet
  facet normal 0.159245 -0.129555 0.978701
    outer loop
      vertex 0.092941 -0.099515 0.990686
      vertex 0.230520 -0.140182 0.962917
      vertex 0.116343 -0.070750 0.990686
    endloop
  endfacet
  facet normal 0.188293 -0.081787 0.978701
    outer loop
      vertex 0.116343 -0.070750 0.990686
      vertex 0.230520 -0.140182 0.962917
      vertex 0.259792 -0.072790 0.962917
    endloop
  endfacet
  facet normal 0.188293 -0.081787 0.978701
    outer loop
      vertex 0.116343 -0.070750 0.990686
      vertex 0.259792 -0.072790 0.962917
      vertex 0.131117 -0.036737 0.990686
    endloop
  endfacet
  facet normal 0.203377 -0.027953 0.978701
    outer loop
      vertex 0.131117 -0.036737 0.990686
      vertex 0.259792 -0.072790 0.962917
      vertex 0.269797 -0.000000 0.962917
    endloop
  endfacet
  facet normal 0.203377 -0.027953 0.978701
    outer loop
      vertex 0.131117 -0.036737 0.990686
      vertex 0.269797 -0.000000 0.962917
      vertex 0.136167 -0.000000 0.990686
    endloop
  endfacet
  facet normal 0.334525 0.045979 0.941264
    outer loop
      vertex 0.269797 0.000000 0.962917
      vertex 0.398401 0.000000 0.917211
      vertex 0.383627 0.107487 0.917211
    endloop
  endfacet
  facet normal 0.334525 0.045979 0.941264
    outer loop
      vertex 0.269797 0.000000 0.962917
      vertex 0.383627 0.107487 0.917211
      vertex 0.259792 0.072790 0.962917
    endloop
  endfacet
  facet normal 0.309715 0.134528 0.941264
    outer loop
      vertex 0.259792 0.072790 0.962917
      vertex 0.383627 0.107487 0.917211
      vertex 0.340402 0.207003 0.917211
    endloop
  endfacet
  facet normal 0.309715 0.134528 0.941264
    outer loop
      vertex 0.259792 0.072790 0.962917
      vertex 0.340402 0.207003 0.917211
      vertex 0.230520 0.140182 0.962917
    endloop
  endfacet
  facet normal 0.261935 0.213100 0.941264
    outer loop
      vertex 0.230520 0.140182 0.962917
      vertex 0.340402 0.207003 0.917211
      vertex 0.271930 0.291166 0.917211
    endloop
  endfacet
  facet normal 0.261935 0.213100 0.941264
    outer loop
      vertex 0.230520 0.140182 0.962917
      vertex 0.271930 0.291166 0.917211
      vertex 0.184151 0.197177 0.962917
    endloop
  endfacet
  facet normal 0.194728 0.275867 0.941264
    outer loop
      vertex 0.184151 0.197177 0.962917
      vertex 0.271930 0.291166 0.917211
      vertex 0.183290 0.353734 0.917211
    endloop
  endfacet
  facet normal 0.194728 0.275867 0.941264
    outer loop
      vertex 0.184151 0.197177 0.962917
      vertex 0.183290 0.353734 0.917211
      vertex 0.124124 0.239549 0.962917
    endloop
  endfacet
  facet normal 0.113079 0.318174 0.941264
    outer loop
      vertex 0.124124 0.239549 0.962917
      vertex 0.183290 0.353734 0.917211
      vertex 0.081057 0.390068 0.917211
    endloop
  endfacet
  facet normal 0.113079 0.318174 0.941264
    outer loop
      vertex 0.124124 0.239549 0.962917
      vertex 0.081057 0.390068 0.917211
      vertex 0.054892 0.264154 0.962917
    endloop
  endfacet
  facet normal 0.023043 0.336883 0.941264
    outer loop
      vertex 0.054892 0.264154 0.962917
      vertex 0.081057 0.390068 0.917211
      vertex -0.027188 0.397472 0.917211
    endloop
  endfacet
  facet normal 0.023043 0.336883 0.941264
    outer loop
      vertex 0.054892 0.264154 0.962917
      vertex -0.027188 0.397472 0.917211
      vertex -0.018412 0.269168 0.962917
    endloop
  endfacet
  facet normal -0.068701 0.330608 0.941264
    outer loop
      vertex -0.018412 0.269168 0.962917
      vertex -0.027188 0.397472 0.917211
      vertex -0.133416 0.375398 0.917211
    endloop
  endfacet
  facet normal -0.068701 0.330608 0.941264
    outer loop
      vertex -0.018412 0.269168 0.962917
      vertex -0.133416 0.375398 0.917211
      vertex -0.090349 0.254219 0.962917
    endloop
  endfacet
  facet normal -0.155350 0.299813 0.941264
    outer loop
      vertex -0.090349 0.254219 0.962917
      vertex -0.133416 0.375398 0.917211
      vertex -0.229750 0.325482 0.917211
    endloop
  endfacet
  facet normal -0.155350 0.299813 0.941264
    outer loop
      vertex -0.090349 0.254219 0.962917
      vertex -0.229750 0.325482 0.917211
      vertex -0.155586 0.220416 0.962917
    endloop
  endfacet
  facet normal -0.230478 0.246782 0.941264
    outer loop
      vertex -0.155586 0.220416 0.962917
      vertex -0.229750 0.325482 0.917211
      vertex -0.309044 0.251426 0.917211
    endloop
  endfacet
  facet normal -0.230478 0.246782 0.941264
    outer loop
      vertex -0.155586 0.220416 0.962917
      vertex -0.309044 0.251426 0.917211
      vertex -0.209284 0.170265 0.962917
    endloop
  endfacet
  facet normal -0.288512 0.175448 0.941264
    outer loop
      vertex -0.209284 0.170265 0.962917
      vertex -0.309044 0.251426 0.917211
      vertex -0.365418 0.158723 0.917211
    endloop
  endfacet
  facet normal -0.288512 0.175448 0.941264
    outer loop
      vertex -0.209284 0.170265 0.962917
      vertex -0.365418 0.158723 0.917211
      vertex -0.247461 0.107487 0.962917
    endloop
  endfacet
  facet normal -0.325149 0.091102 0.941264
    outer loop
      vertex -0.247461 0.107487 0.962917
      vertex -0.365418 0.158723 0.917211
      vertex -0.394690 0.054249 0.917211
    endloop
  endfacet
  facet normal -0.325149 0.091102 0.941264
    outer loop
      vertex -0.247461 0.107487 0.962917
      vertex -0.394690 0.054249 0.917211
      vertex -0.267284 0.036737 0.962917
    endloop
  endfacet
  facet normal -0.337671 0.000000 0.941264
    outer loop
      vertex -0.267284 0.036737 0.962917
      vertex -0.394690 0.054249 0.917211
      vertex -0.394690 -0.054249 0.917211
    endloop
  endfacet
  facet normal -0.337671 0.000000 0.941264
    outer loop
      vertex -0.267284 0.036737 0.962917
      vertex -0.394690 -0.054249 0.917211
      vertex -0.267284 -0.036737 0.962917
    endloop
  endfacet
  facet normal -0.325149 -0.091102 0.941264
    outer loop
      vertex -0.267284 -0.036737 0.962917
      vertex -0.394690 -0.054249 0.917211
      vertex -0.365418 -0.158723 0.917211
    endloop
  endfacet
  facet normal -0.325149 -0.091102 0.941264
    outer loop
      vertex -0.267284 -0.036737 0.962917
      vertex -0.365418 -0.158723 0.917211
      vertex -0.247461 -0.107487 0.962917
    endloop
  endfacet
  facet normal -0.288512 -0.175448 0.941264
    outer loop
      vertex -0.247461 -0.107487 0.962917
      vertex -0.365418 -0.158723 0.917211
      vertex -0.309044 -0.251426 0.917211
    endloop
  endfacet
  facet normal -0.288512 -0.175448 0.941264
    outer loop
      vertex -0.247461 -0.107487 0.962917
      vertex -0.309044 -0.251426 0.917211
      vertex -0.209284 -0.170265 0.962917
    endloop
  endfacet
  facet normal -0.230478 -0.246782 0.941264
    outer loop
      vertex -0.209284 -0.170265 0.962917
      vertex -0.309044 -0.251426 0.917211
      vertex -0.229750 -0.325482 0.917211
    endloop
  endfacet
  facet normal -0.230478 -0.246782 0.941264
    outer loop
      vertex -0.209284 -0.170265 0.962917
      vertex -0.229750 -0.325482 0.917211
      vertex -0.155586 -0.220416 0.962917
    endloop
  endfacet
  facet normal -0.155350 -0.299813 0.941264
    outer loop
      vertex -0.155586 -0.220416 0.962917
      vertex -0.229750 -0.325482 0.917211
      vertex -0.133416 -0.375398 0.917211
    endloop
  endfacet
  facet normal -0.155350 -0.299813 0.941264
    outer loop
      vertex -0.155586 -0.220416 0.962917
      vertex -0.133416 -0.375398 0.917211
      vertex -0.090349 -0.254219 0.962917
    endloop
  endfacet
  facet normal -0.068701 -0.330608 0.941264
    outer loop
      vertex -0.090349 -0.254219 0.962917
      vertex -0.133416 -0.375398 0.917211
      vertex -0.027188 -0.397472 0.917211
    endloop
  endfacet
  facet normal -0.068701 -0.330608 0.941264
    outer loop
      vertex -0.090349 -0.254219 0.962917
      vertex -0.027188 -0.397472 0.917211
      vertex -0.018412 -0.269168 0.962917
    endloop
  endfacet
  facet normal 0.023043 -0.336883 0.941264
    outer loop
      vertex -0.018412 -0.269168 0.962917
      vertex -0.027188 -0.397472 0.917211
      vertex 0.081057 -0.390068 0.917211
    endloop
  endfacet
  facet normal 0.023043 -0.336883 0.941264
    outer loop
      vertex -0.018412 -0.269168 0.962917
      vertex 0.081057 -0.390068 0.917211
      vertex 0.054892 -0.264154 0.962917
    endloop
  endfacet
  facet normal 0.113079 -0.318174 0.941264
    outer loop
      vertex 0.054892 -0.264154 0.962917
      vertex 0.081057 -0.390068 0.917211
      vertex 0.183290 -0.353734 0.917211
    endloop
  endfacet
  facet normal 0.113079 -0.318174 0.941264
    outer loop
      vertex 0.054892 -0.264154 0.962917
      vertex 0.183290 -0.353734 0.917211
      vertex 0.124124 -0.239549 0.962917
    endloop
  endfacet
  facet normal 0.194728 -0.275867 0.941264
    outer loop
      vertex 0.124124 -0.239549 0.962917
      vertex 0.183290 -0.353734 0.917211
      vertex 0.271930 -0.291166 0.917211
    endloop
  endfacet
  facet normal 0.194728 -0.275867 0.941264
    outer loop
      vertex 0.124124 -0.239549 0.962917
      vertex 0.271930 -0.291166 0.917211
      vertex 0.184151 -0.197177 0.962917
    endloop
  endfacet
  facet normal 0.261935 -0.213100 0.941264
    outer loop
      vertex 0.184151 -0.197177 0.962917
      vertex 0.271930 -0.291166 0.917211
      vertex 0.340402 -0.207003 0.917211
    endloop
  endfacet
  facet normal 0.261935 -0.213100 0.941264
    outer loop
      vertex 0.184151 -0.197177 0.962917
      vertex 0.340402 -0.207003 0.917211
      vertex 0.230520 -0.140182 0.962917
    endloop
  endfacet
  facet normal 0.309715 -0.134528 0.941264
    outer loop
      vertex 0.230520 -0.140182 0.962917
      vertex 0.340402 -0.207003 0.917211
      vertex 0.383627 -0.107487 0.917211
    endloop
  endfacet
  facet normal 0.309715 -0.134528 0.941264
    outer loop
      vertex 0.230520 -0.140182 0.962917
      vertex 0.383627 -0.107487 0.917211
      vertex 0.259792 -0.072790 0.962917
    endloop
  endfacet
  facet normal 0.334525 -0.045979 0.941264
    outer loop
      vertex 0.259792 -0.072790 0.962917
      vertex 0.383627 -0.107487 0.917211
      vertex 0.398401 -0.000000 0.917211
    endloop
  endfacet
  facet normal 0.334525 -0.045979 0.941264
    outer loop
      vertex 0.259792 -0.072790 0.962917
      vertex 0.398401 -0.000000 0.917211
      vertex 0.269797 -0.000000 0.962917
    endloop
  endfacet
  facet normal 0.459148 0.063108 0.886115
    outer loop
      vertex 0.398401 0.000000 0.917211
      vertex 0.519584 0.000000 0.854419
      vertex 0.500316 0.140182 0.854419
    endloop
  endfacet
  facet normal 0.459148 0.063108 0.886115
    outer loop
      vertex 0.398401 0.000000 0.917211
      vertex 0.500316 0.140182 0.854419
      vertex 0.383627 0.107487 0.917211
    endloop
  endfacet
  facet normal 0.425095 0.184645 0.886115
    outer loop
      vertex 0.383627 0.107487 0.917211
      vertex 0.500316 0.140182 0.854419
      vertex 0.443943 0.269967 0.854419
    endloop
  endfacet
  facet normal 0.425095 0.184645 0.886115
    outer loop
      vertex 0.383627 0.107487 0.917211
      vertex 0.443943 0.269967 0.854419
      vertex 0.340402 0.207003 0.917211
    endloop
  endfacet
  facet normal 0.359515 0.292487 0.886115
    outer loop
      vertex 0.340402 0.207003 0.917211
      vertex 0.443943 0.269967 0.854419
      vertex 0.354644 0.379731 0.854419
    endloop
  endfacet
  facet normal 0.359515 0.292487 0.886115
    outer loop
      vertex 0.340402 0.207003 0.917211
      vertex 0.354644 0.379731 0.854419
      vertex 0.271930 0.291166 0.917211
    endloop
  endfacet
  facet normal 0.267271 0.378637 0.886115
    outer loop
      vertex 0.271930 0.291166 0.917211
      vertex 0.354644 0.379731 0.854419
      vertex 0.239042 0.461331 0.854419
    endloop
  endfacet
  facet normal 0.267271 0.378637 0.886115
    outer loop
      vertex 0.271930 0.291166 0.917211
      vertex 0.239042 0.461331 0.854419
      vertex 0.183290 0.353734 0.917211
    endloop
  endfacet
  facet normal 0.155205 0.436705 0.886115
    outer loop
      vertex 0.183290 0.353734 0.917211
      vertex 0.239042 0.461331 0.854419
      vertex 0.105712 0.508716 0.854419
    endloop
  endfacet
  facet normal 0.155205 0.436705 0.886115
    outer loop
      vertex 0.183290 0.353734 0.917211
      vertex 0.105712 0.508716 0.854419
      vertex 0.081057 0.390068 0.917211
    endloop
  endfacet
  facet normal 0.031628 0.462384 0.886115
    outer loop
      vertex 0.081057 0.390068 0.917211
      vertex 0.105712 0.508716 0.854419
      vertex -0.035458 0.518373 0.854419
    endloop
  endfacet
  facet normal 0.031628 0.462384 0.886115
    outer loop
      vertex 0.081057 0.390068 0.917211
      vertex -0.035458 0.518373 0.854419
      vertex -0.027188 0.397472 0.917211
    endloop
  endfacet
  facet normal -0.094295 0.453771 0.886115
    outer loop
      vertex -0.027188 0.397472 0.917211
      vertex -0.035458 0.518373 0.854419
      vertex -0.173998 0.489584 0.854419
    endloop
  endfacet
  facet normal -0.094295 0.453771 0.886115
    outer loop
      vertex -0.027188 0.397472 0.917211
      vertex -0.173998 0.489584 0.854419
      vertex -0.133416 0.375398 0.917211
    endloop
  endfacet
  facet normal -0.213224 0.411503 0.886115
    outer loop
      vertex -0.133416 0.375398 0.917211
      vertex -0.173998 0.489584 0.854419
      vertex -0.299634 0.424484 0.854419
    endloop
  endfacet
  facet normal -0.213224 0.411503 0.886115
    outer loop
      vertex -0.133416 0.375398 0.917211
      vertex -0.299634 0.424484 0.854419
      vertex -0.229750 0.325482 0.917211
    endloop
  endfacet
  facet normal -0.316339 0.338717 0.886115
    outer loop
      vertex -0.229750 0.325482 0.917211
      vertex -0.299634 0.424484 0.854419
      vertex -0.403047 0.327903 0.854419
    endloop
  endfacet
  facet normal -0.316339 0.338717 0.886115
    outer loop
      vertex -0.229750 0.325482 0.917211
      vertex -0.403047 0.327903 0.854419
      vertex -0.309044 0.251426 0.917211
    endloop
  endfacet
  facet normal -0.395993 0.240809 0.886115
    outer loop
      vertex -0.309044 0.251426 0.917211
      vertex -0.403047 0.327903 0.854419
      vertex -0.476568 0.207003 0.854419
    endloop
  endfacet
  facet normal -0.395993 0.240809 0.886115
    outer loop
      vertex -0.309044 0.251426 0.917211
      vertex -0.476568 0.207003 0.854419
      vertex -0.365418 0.158723 0.917211
    endloop
  endfacet
  facet normal -0.446278 0.125041 0.886115
    outer loop
      vertex -0.365418 0.158723 0.917211
      vertex -0.476568 0.207003 0.854419
      vertex -0.514745 0.070750 0.854419
    endloop
  endfacet
  facet normal -0.446278 0.125041 0.886115
    outer loop
      vertex -0.365418 0.158723 0.917211
      vertex -0.514745 0.070750 0.854419
      vertex -0.394690 0.054249 0.917211
    endloop
  endfacet
  facet normal -0.463465 0.000000 0.886115
    outer loop
      vertex -0.394690 0.054249 0.917211
      vertex -0.514745 0.070750 0.854419
      vertex -0.514745 -0.070750 0.854419
    endloop
  endfacet
  facet normal -0.463465 0.000000 0.886115
    outer loop
      vertex -0.394690 0.054249 0.917211
      vertex -0.514745 -0.070750 0.854419
      vertex -0.394690 -0.054249 0.917211
    endloop
  endfacet
  facet normal -0.446278 -0.125041 0.886115
    outer loop
      vertex -0.394690 -0.054249 0.917211
      vertex -0.514745 -0.070750 0.854419
      vertex -0.476568 -0.207003 0.854419
    endloop
  endfacet
  facet normal -0.446278 -0.125041 0.886115
    outer loop
      vertex -0.394690 -0.054249 0.917211
      vertex -0.476568 -0.207003 0.854419
      vertex -0.365418 -0.158723 0.917211
    endloop
  endfacet
  facet normal -0.395993 -0.240809 0.886115
    outer loop
      vertex -0.365418 -0.158723 0.917211
      vertex -0.476568 -0.207003 0.854419
      vertex -0.403047 -0.327903 0.854419
    endloop
  endfacet
  facet normal -0.395993 -0.240809 0.886115
    outer loop
      vertex -0.365418 -0.158723 0.917211
      vertex -0.403047 -0.327903 0.854419
      vertex -0.309044 -0.251426 0.917211
    endloop
  endfacet
  facet normal -0.316339 -0.338717 0.886115
    outer loop
      vertex -0.309044 -0.251426 0.917211
      vertex -0.403047 -0.327903 0.854419
      vertex -0.299634 -0.424484 0.854419
    endloop
  endfacet
  facet normal -0.316339 -0.338717 0.886115
    outer loop
      vertex -0.309044 -0.251426 0.917211
      vertex -0.299634 -0.424484 0.854419
      vertex -0.229750 -0.325482 0.917211
    endloop
  endfacet
  facet normal -0.213224 -0.411503 0.886115
    outer loop
      vertex -0.229750 -0.325482 0.917211
      vertex -0.299634 -0.424484 0.854419
      vertex -0.173998 -0.489584 0.854419
    endloop
  endfacet
  facet normal -0.213224 -0.411503 0.886115
    outer loop
      vertex -0.229750 -0.325482 0.917211
      vertex -0.173998 -0.489584 0.854419
      vertex -0.133416 -0.375398 0.917211
    endloop
  endfacet
  facet normal -0.094295 -0.453771 0.886115
    outer loop
      vertex -0.133416 -0.375398 0.917211
      vertex -0.173998 -0.489584 0.854419
      vertex -0.035458 -0.518373 0.854419
    endloop
  endfacet
  facet normal -0.094295 -0.453771 0.886115
    outer loop
      vertex -0.133416 -0.375398 0.917211
      vertex -0.035458 -0.518373 0.854419
      vertex -0.027188 -0.397472 0.917211
    endloop
  endfacet
  facet normal 0.031628 -0.462384 0.886115
    outer loop
      vertex -0.027188 -0.397472 0.917211
      vertex -0.035458 -0.518373 0.854419
      vertex 0.105712 -0.508716 0.854419
    endloop
  endfacet
  facet normal 0.031628 -0.462384 0.886115
    outer loop
      vertex -0.027188 -0.397472 0.917211
      vertex 0.105712 -0.508716 0.854419
      vertex 0.081057 -0.390068 0.917211
    endloop
  endfacet
  facet normal 0.155205 -0.436705 0.886115
    outer loop
      vertex 0.081057 -0.390068 0.917211
      vertex 0.105712 -0.508716 0.854419
      vertex 0.239042 -0.461331 0.854419
    endloop
  endfacet
  facet normal 0.155205 -0.436705 0.886115
    outer loop
      vertex 0.081057 -0.390068 0.917211
      vertex 0.239042 -0.461331 0.854419
      vertex 0.183290 -0.353734 0.917211
    endloop
  endfacet
  facet normal 0.267271 -0.378637 0.886115
    outer loop
      vertex 0.183290 -0.353734 0.917211
      vertex 0.239042 -0.461331 0.854419
      vertex 0.354644 -0.379731 0.854419
    endloop
  endfacet
  facet normal 0.267271 -0.378637 0.886115
    outer loop
      vertex 0.183290 -0.353734 0.917211
      vertex 0.354644 -0.379731 0.854419
      vertex 0.271930 -0.291166 0.917211
    endloop
  endfacet
  facet normal 0.359515 -0.292487 0.886115
    outer loop
      vertex 0.271930 -0.291166 0.917211
      vertex 0.354644 -0.379731 0.854419
      vertex 0.443943 -0.269967 0.854419
    endloop
  endfacet
  facet normal 0.359515 -0.292487 0.886115
    outer loop
      vertex 0.271930 -0.291166 0.917211
      vertex 0.443943 -0.269967 0.854419
      vertex 0.340402 -0.207003 0.917211
    endloop
  endfacet
  facet normal 0.425095 -0.184645 0.886115
    outer loop
      vertex 0.340402 -0.207003 0.917211
      vertex 0.443943 -0.269967 0.854419
      vertex 0.500316 -0.140182 0.854419
    endloop
  endfacet
  facet normal 0.425095 -0.184645 0.886115
    outer loop
      vertex 0.340402 -0.207003 0.917211
      vertex 0.500316 -0.140182 0.854419
      vertex 0.383627 -0.107487 0.917211
    endloop
  endfacet
  facet normal 0.459148 -0.063108 0.886115
    outer loop
      vertex 0.383627 -0.107487 0.917211
      vertex 0.500316 -0.140182 0.854419
      vertex 0.519584 -0.000000 0.854419
    endloop
  endfacet
  facet normal 0.459148 -0.063108 0.886115
    outer loop
      vertex 0.383627 -0.107487 0.917211
      vertex 0.519584 -0.000000 0.854419
      vertex 0.398401 -0.000000 0.917211
    endloop
  endfacet
  facet normal 0.574877 0.079015 0.814416
    outer loop
      vertex 0.519584 0.000000 0.854419
      vertex 0.631088 0.000000 0.775711
      vertex 0.607685 0.170265 0.775711
    endloop
  endfacet
  facet normal 0.574877 0.079015 0.814416
    outer loop
      vertex 0.519584 0.000000 0.854419
      vertex 0.607685 0.170265 0.775711
      vertex 0.500316 0.140182 0.854419
    endloop
  endfacet
  facet normal 0.532241 0.231185 0.814416
    outer loop
      vertex 0.500316 0.140182 0.854419
      vertex 0.607685 0.170265 0.775711
      vertex 0.539214 0.327903 0.775711
    endloop
  endfacet
  facet normal 0.532241 0.231185 0.814416
    outer loop
      vertex 0.500316 0.140182 0.854419
      vertex 0.539214 0.327903 0.775711
      vertex 0.443943 0.269967 0.854419
    endloop
  endfacet
  facet normal 0.450131 0.366209 0.814416
    outer loop
      vertex 0.443943 0.269967 0.854419
      vertex 0.539214 0.327903 0.775711
      vertex 0.430751 0.461222 0.775711
    endloop
  endfacet
  facet normal 0.450131 0.366209 0.814416
    outer loop
      vertex 0.443943 0.269967 0.854419
      vertex 0.430751 0.461222 0.775711
      vertex 0.354644 0.379731 0.854419
    endloop
  endfacet
  facet normal 0.334637 0.474073 0.814416
    outer loop
      vertex 0.354644 0.379731 0.854419
      vertex 0.430751 0.461222 0.775711
      vertex 0.290341 0.560334 0.775711
    endloop
  endfacet
  facet normal 0.334637 0.474073 0.814416
    outer loop
      vertex 0.354644 0.379731 0.854419
      vertex 0.290341 0.560334 0.775711
      vertex 0.239042 0.461331 0.854419
    endloop
  endfacet
  facet normal 0.194325 0.546777 0.814416
    outer loop
      vertex 0.239042 0.461331 0.854419
      vertex 0.290341 0.560334 0.775711
      vertex 0.128399 0.617888 0.775711
    endloop
  endfacet
  facet normal 0.194325 0.546777 0.814416
    outer loop
      vertex 0.239042 0.461331 0.854419
      vertex 0.128399 0.617888 0.775711
      vertex 0.105712 0.508716 0.854419
    endloop
  endfacet
  facet normal 0.039600 0.578929 0.814416
    outer loop
      vertex 0.105712 0.508716 0.854419
      vertex 0.128399 0.617888 0.775711
      vertex -0.043067 0.629617 0.775711
    endloop
  endfacet
  facet normal 0.039600 0.578929 0.814416
    outer loop
      vertex 0.105712 0.508716 0.854419
      vertex -0.043067 0.629617 0.775711
      vertex -0.035458 0.518373 0.854419
    endloop
  endfacet
  facet normal -0.118062 0.568145 0.814416
    outer loop
      vertex -0.035458 0.518373 0.854419
      vertex -0.043067 0.629617 0.775711
      vertex -0.211338 0.594650 0.775711
    endloop
  endfacet
  facet normal -0.118062 0.568145 0.814416
    outer loop
      vertex -0.035458 0.518373 0.854419
      vertex -0.211338 0.594650 0.775711
      vertex -0.173998 0.489584 0.854419
    endloop
  endfacet
  facet normal -0.266967 0.515224 0.814416
    outer loop
      vertex -0.173998 0.489584 0.854419
      vertex -0.211338 0.594650 0.775711
      vertex -0.363936 0.515580 0.775711
    endloop
  endfacet
  facet normal -0.266967 0.515224 0.814416
    outer loop
      vertex -0.173998 0.489584 0.854419
      vertex -0.363936 0.515580 0.775711
      vertex -0.299634 0.424484 0.854419
    endloop
  endfacet
  facet normal -0.396073 0.424091 0.814416
    outer loop
      vertex -0.299634 0.424484 0.854419
      vertex -0.363936 0.515580 0.775711
      vertex -0.489542 0.398272 0.775711
    endloop
  endfacet
  facet normal -0.396073 0.424091 0.814416
    outer loop
      vertex -0.299634 0.424484 0.854419
      vertex -0.489542 0.398272 0.775711
      vertex -0.403047 0.327903 0.854419
    endloop
  endfacet
  facet normal -0.495804 0.301505 0.814416
    outer loop
      vertex -0.403047 0.327903 0.854419
      vertex -0.489542 0.398272 0.775711
      vertex -0.578841 0.251426 0.775711
    endloop
  endfacet
  facet normal -0.495804 0.301505 0.814416
    outer loop
      vertex -0.403047 0.327903 0.854419
      vertex -0.578841 0.251426 0.775711
      vertex -0.476568 0.207003 0.854419
    endloop
  endfacet
  facet normal -0.558764 0.156558 0.814416
    outer loop
      vertex -0.476568 0.207003 0.854419
      vertex -0.578841 0.251426 0.775711
      vertex -0.625210 0.085933 0.775711
    endloop
  endfacet
  facet normal -0.558764 0.156558 0.814416
    outer loop
      vertex -0.476568 0.207003 0.854419
      vertex -0.625210 0.085933 0.775711
      vertex -0.514745 0.070750 0.854419
    endloop
  endfacet
  facet normal -0.580282 0.000000 0.814416
    outer loop
      vertex -0.514745 0.070750 0.854419
      vertex -0.625210 0.085933 0.775711
      vertex -0.625210 -0.085933 0.775711
    endloop
  endfacet
  facet normal -0.580282 0.000000 0.814416
    outer loop
      vertex -0.514745 0.070750 0.854419
      vertex -0.625210 -0.085933 0.775711
      vertex -0.514745 -0.070750 0.854419
    endloop
  endfacet
  facet normal -0.558764 -0.156558 0.814416
    outer loop
      vertex -0.514745 -0.070750 0.854419
      vertex -0.625210 -0.085933 0.775711
      vertex -0.578841 -0.251426 0.775711
    endloop
  endfacet
  facet normal -0.558764 -0.156558 0.814416
    outer loop
      vertex -0.514745 -0.070750 0.854419
      vertex -0.578841 -0.251426 0.775711
      vertex -0.476568 -0.207003 0.854419
    endloop
  endfacet
  facet normal -0.495804 -0.301505 0.814416
    outer loop
      vertex -0.476568 -0.207003 0.854419
      vertex -0.578841 -0.251426 0.775711
      vertex -0.489542 -0.398272 0.775711
    endloop
  endfacet
  facet normal -0.495804 -0.301505 0.814416
    outer loop
      vertex -0.476568 -0.207003 0.854419
      vertex -0.489542 -0.398272 0.775711
      vertex -0.403047 -0.327903 0.854419
    endloop
  endfacet
  facet normal -0.396073 -0.424091 0.814416
    outer loop
      vertex -0.403047 -0.327903 0.854419
      vertex -0.489542 -0.398272 0.775711
      vertex -0.363936 -0.515580 0.775711
    endloop
  endfacet
  facet normal -0.396073 -0.424091 0.814416
    outer loop
      vertex -0.403047 -0.327903 0.854419
      vertex -0.363936 -0.515580 0.775711
      vertex -0.299634 -0.424484 0.854419
    endloop
  endfacet
  facet normal -0.266967 -0.515224 0.814416
    outer loop
      vertex -0.299634 -0.424484 0.854419
      vertex -0.363936 -0.515580 0.775711
      vertex -0.211338 -0.594650 0.775711
    endloop
  endfacet
  facet normal -0.266967 -0.515224 0.814416
    outer loop
      vertex -0.299634 -0.424484 0.854419
      vertex -0.211338 -0.594650 0.775711
      vertex -0.173998 -0.489584 0.854419
    endloop
  endfacet
  facet normal -0.118062 -0.568145 0.814416
    outer loop
      vertex -0.173998 -0.489584 0.854419
      vertex -0.211338 -0.594650 0.775711
      vertex -0.043067 -0.629617 0.775711
    endloop
  endfacet
  facet normal -0.118062 -0.568145 0.814416
    outer loop
      vertex -0.173998 -0.489584 0.854419
      vertex -0.043067 -0.629617 0.775711
      vertex -0.035458 -0.518373 0.854419
    endloop
  endfacet
  facet normal 0.039600 -0.578929 0.814416
    outer loop
      vertex -0.035458 -0.518373 0.854419
      vertex -0.043067 -0.629617 0.775711
      vertex 0.128399 -0.617888 0.775711
    endloop
  endfacet
  facet normal 0.039600 -0.578929 0.814416
    outer loop
      vertex -0.035458 -0.518373 0.854419
      vertex 0.128399 -0.617888 0.775711
      vertex 0.105712 -0.508716 0.854419
    endloop
  endfacet
  facet normal 0.194325 -0.546777 0.814416
    outer loop
      vertex 0.105712 -0.508716 0.854419
      vertex 0.128399 -0.617888 0.775711
      vertex 0.290341 -0.560334 0.775711
    endloop
  endfacet
  facet normal 0.194325 -0.546777 0.814416
    outer loop
      vertex 0.105712 -0.508716 0.854419
      vertex 0.290341 -0.560334 0.775711
      vertex 0.239042 -0.461331 0.854419
    endloop
  endfacet
  facet normal 0.334637 -0.474073 0.814416
    outer loop
      vertex 0.239042 -0.461331 0.854419
      vertex 0.290341 -0.560334 0.775711
      vertex 0.430751 -0.461222 0.775711
    endloop
  endfacet
  facet normal 0.334637 -0.474073 0.814416
    outer loop
      vertex 0.239042 -0.461331 0.854419
      vertex 0.430751 -0.461222 0.775711
      vertex 0.354644 -0.379731 0.854419
    endloop
  endfacet
  facet normal 0.450131 -0.366209 0.814416
    outer loop
      vertex 0.354644 -0.379731 0.854419
      vertex 0.430751 -0.461222 0.775711
      vertex 0.539214 -0.327903 0.775711
    endloop
  endfacet
  facet normal 0.450131 -0.366209 0.814416
    outer loop
      vertex 0.354644 -0.379731 0.854419
      vertex 0.539214 -0.327903 0.775711
      vertex 0.443943 -0.269967 0.854419
    endloop
  endfacet
  facet normal 0.532241 -0.231185 0.814416
    outer loop
      vertex 0.443943 -0.269967 0.854419
      vertex 0.539214 -0.327903 0.775711
      vertex 0.607685 -0.170265 0.775711
    endloop
  endfacet
  facet normal 0.532241 -0.231185 0.814416
    outer loop
      vertex 0.443943 -0.269967 0.854419
      vertex 0.607685 -0.170265 0.775711
      vertex 0.500316 -0.140182 0.854419
    endloop
  endfacet
  facet normal 0.574877 -0.079015 0.814416
    outer loop
      vertex 0.500316 -0.140182 0.854419
      vertex 0.607685 -0.170265 0.775711
      vertex 0.631088 -0.000000 0.775711
    endloop
  endfacet
  facet normal 0.574877 -0.079015 0.814416
    outer loop
      vertex 0.500316 -0.140182 0.854419
      vertex 0.631088 -0.000000 0.775711
      vertex 0.519584 -0.000000 0.854419
    endloop
  endfacet
  facet normal 0.679569 0.093405 0.727641
    outer loop
      vertex 0.631088 0.000000 0.775711
      vertex 0.730836 0.000000 0.682553
      vertex 0.703735 0.197177 0.682553
    endloop
  endfacet
  facet normal 0.679569 0.093405 0.727641
    outer loop
      vertex 0.631088 0.000000 0.775711
      vertex 0.703735 0.197177 0.682553
      vertex 0.607685 0.170265 0.775711
    endloop
  endfacet
  facet normal 0.629169 0.273287 0.727641
    outer loop
      vertex 0.607685 0.170265 0.775711
      vertex 0.703735 0.197177 0.682553
      vertex 0.624440 0.379731 0.682553
    endloop
  endfacet
  facet normal 0.629169 0.273287 0.727641
    outer loop
      vertex 0.607685 0.170265 0.775711
      vertex 0.624440 0.379731 0.682553
      vertex 0.539214 0.327903 0.775711
    endloop
  endfacet
  facet normal 0.532106 0.432900 0.727641
    outer loop
      vertex 0.539214 0.327903 0.775711
      vertex 0.624440 0.379731 0.682553
      vertex 0.498834 0.534121 0.682553
    endloop
  endfacet
  facet normal 0.532106 0.432900 0.727641
    outer loop
      vertex 0.539214 0.327903 0.775711
      vertex 0.498834 0.534121 0.682553
      vertex 0.430751 0.461222 0.775711
    endloop
  endfacet
  facet normal 0.395579 0.560407 0.727641
    outer loop
      vertex 0.430751 0.461222 0.775711
      vertex 0.498834 0.534121 0.682553
      vertex 0.336232 0.648898 0.682553
    endloop
  endfacet
  facet normal 0.395579 0.560407 0.727641
    outer loop
      vertex 0.430751 0.461222 0.775711
      vertex 0.336232 0.648898 0.682553
      vertex 0.290341 0.560334 0.775711
    endloop
  endfacet
  facet normal 0.229713 0.646352 0.727641
    outer loop
      vertex 0.290341 0.560334 0.775711
      vertex 0.336232 0.648898 0.682553
      vertex 0.148693 0.715550 0.682553
    endloop
  endfacet
  facet normal 0.229713 0.646352 0.727641
    outer loop
      vertex 0.290341 0.560334 0.775711
      vertex 0.148693 0.715550 0.682553
      vertex 0.128399 0.617888 0.775711
    endloop
  endfacet
  facet normal 0.046811 0.684359 0.727641
    outer loop
      vertex 0.128399 0.617888 0.775711
      vertex 0.148693 0.715550 0.682553
      vertex -0.049874 0.729132 0.682553
    endloop
  endfacet
  facet normal 0.046811 0.684359 0.727641
    outer loop
      vertex 0.128399 0.617888 0.775711
      vertex -0.049874 0.729132 0.682553
      vertex -0.043067 0.629617 0.775711
    endloop
  endfacet
  facet normal -0.139562 0.671611 0.727641
    outer loop
      vertex -0.043067 0.629617 0.775711
      vertex -0.049874 0.729132 0.682553
      vertex -0.244742 0.688638 0.682553
    endloop
  endfacet
  facet normal -0.139562 0.671611 0.727641
    outer loop
      vertex -0.043067 0.629617 0.775711
      vertex -0.244742 0.688638 0.682553
      vertex -0.211338 0.594650 0.775711
    endloop
  endfacet
  facet normal -0.315585 0.609052 0.727641
    outer loop
      vertex -0.211338 0.594650 0.775711
      vertex -0.244742 0.688638 0.682553
      vertex -0.421459 0.597071 0.682553
    endloop
  endfacet
  facet normal -0.315585 0.609052 0.727641
    outer loop
      vertex -0.211338 0.594650 0.775711
      vertex -0.421459 0.597071 0.682553
      vertex -0.363936 0.515580 0.775711
    endloop
  endfacet
  facet normal -0.468203 0.501323 0.727641
    outer loop
      vertex -0.363936 0.515580 0.775711
      vertex -0.421459 0.597071 0.682553
      vertex -0.566918 0.461222 0.682553
    endloop
  endfacet
  facet normal -0.468203 0.501323 0.727641
    outer loop
      vertex -0.363936 0.515580 0.775711
      vertex -0.566918 0.461222 0.682553
      vertex -0.489542 0.398272 0.775711
    endloop
  endfacet
  facet normal -0.586096 0.356413 0.727641
    outer loop
      vertex -0.489542 0.398272 0.775711
      vertex -0.566918 0.461222 0.682553
      vertex -0.670331 0.291166 0.682553
    endloop
  endfacet
  facet normal -0.586096 0.356413 0.727641
    outer loop
      vertex -0.489542 0.398272 0.775711
      vertex -0.670331 0.291166 0.682553
      vertex -0.578841 0.251426 0.775711
    endloop
  endfacet
  facet normal -0.660521 0.185069 0.727641
    outer loop
      vertex -0.578841 0.251426 0.775711
      vertex -0.670331 0.291166 0.682553
      vertex -0.724029 0.099515 0.682553
    endloop
  endfacet
  facet normal -0.660521 0.185069 0.727641
    outer loop
      vertex -0.578841 0.251426 0.775711
      vertex -0.724029 0.099515 0.682553
      vertex -0.625210 0.085933 0.775711
    endloop
  endfacet
  facet normal -0.685958 0.000000 0.727641
    outer loop
      vertex -0.625210 0.085933 0.775711
      vertex -0.724029 0.099515 0.682553
      vertex -0.724029 -0.099515 0.682553
    endloop
  endfacet
  facet normal -0.685958 0.000000 0.727641
    outer loop
      vertex -0.625210 0.085933 0.775711
      vertex -0.724029 -0.099515 0.682553
      vertex -0.625210 -0.085933 0.775711
    endloop
  endfacet
  facet normal -0.660521 -0.185069 0.727641
    outer loop
      vertex -0.625210 -0.085933 0.775711
      vertex -0.724029 -0.099515 0.682553
      vertex -0.670331 -0.291166 0.682553
    endloop
  endfacet
  facet normal -0.660521 -0.185069 0.727641
    outer loop
      vertex -0.625210 -0.085933 0.775711
      vertex -0.670331 -0.291166 0.682553
      vertex -0.578841 -0.251426 0.775711
    endloop
  endfacet
  facet normal -0.586096 -0.356413 0.727641
    outer loop
      vertex -0.578841 -0.251426 0.775711
      vertex -0.670331 -0.291166 0.682553
      vertex -0.566918 -0.461222 0.682553
    endloop
  endfacet
  facet normal -0.586096 -0.356413 0.727641
    outer loop
      vertex -0.578841 -0.251426 0.775711
      vertex -0.566918 -0.461222 0.682553
      vertex -0.489542 -0.398272 0.775711
    endloop
  endfacet
  facet normal -0.468203 -0.501323 0.727641
    outer loop
      vertex -0.489542 -0.398272 0.775711
      vertex -0.566918 -0.461222 0.682553
      vertex -0.421459 -0.597071 0.682553
    endloop
  endfacet
  facet normal -0.468203 -0.501323 0.727641
    outer loop
      vertex -0.489542 -0.398272 0.775711
      vertex -0.421459 -0.597071 0.682553
      vertex -0.363936 -0.515580 0.775711
    endloop
  endfacet
  facet normal -0.315585 -0.609052 0.727641
    outer loop
      vertex -0.363936 -0.515580 0.775711
      vertex -0.421459 -0.597071 0.682553
      vertex -0.244742 -0.688638 0.682553
    endloop
  endfacet
  facet normal -0.315585 -0.609052 0.727641
    outer loop
      vertex -0.363936 -0.515580 0.775711
      vertex -0.244742 -0.688638 0.682553
      vertex -0.211338 -0.594650 0.775711
    endloop
  endfacet
  facet normal -0.139562 -0.671611 0.727641
    outer loop
      vertex -0.211338 -0.594650 0.775711
      vertex -0.244742 -0.688638 0.682553
      vertex -0.049874 -0.729132 0.682553
    endloop
  endfacet
  facet normal -0.139562 -0.671611 0.727641
    outer loop
      vertex -0.211338 -0.594650 0.775711
      vertex -0.049874 -0.729132 0.682553
      vertex -0.043067 -0.629617 0.775711
    endloop
  endfacet
  facet normal 0.046811 -0.684359 0.727641
    outer loop
      vertex -0.043067 -0.629617 0.775711
      vertex -0.049874 -0.729132 0.682553
      vertex 0.148693 -0.715550 0.682553
    endloop
  endfacet
  facet normal 0.046811 -0.684359 0.727641
    outer loop
      vertex -0.043067 -0.629617 0.775711
      vertex 0.148693 -0.715550 0.682553
      vertex 0.128399 -0.617888 0.775711
    endloop
  endfacet
  facet normal 0.229713 -0.646352 0.727641
    outer loop
      vertex 0.128399 -0.617888 0.775711
      vertex 0.148693 -0.715550 0.682553
      vertex 0.336232 -0.648898 0.682553
    endloop
  endfacet
  facet normal 0.229713 -0.646352 0.727641
    outer loop
      vertex 0.128399 -0.617888 0.775711
      vertex 0.336232 -0.648898 0.682553
      vertex 0.290341 -0.560334 0.775711
    endloop
  endfacet
  facet normal 0.395579 -0.560407 0.727641
    outer loop
      vertex 0.290341 -0.560334 0.775711
      vertex 0.336232 -0.648898 0.682553
      vertex 0.498834 -0.534121 0.682553
    endloop
  endfacet
  facet normal 0.395579 -0.560407 0.727641
    outer loop
      vertex 0.290341 -0.560334 0.775711
      vertex 0.498834 -0.534121 0.682553
      vertex 0.430751 -0.461222 0.775711
    endloop
  endfacet
  facet normal 0.532106 -0.432900 0.727641
    outer loop
      vertex 0.430751 -0.461222 0.775711
      vertex 0.498834 -0.534121 0.682553
      vertex 0.624440 -0.379731 0.682553
    endloop
  endfacet
  facet normal 0.532106 -0.432900 0.727641
    outer loop
      vertex 0.430751 -0.461222 0.775711
      vertex 0.624440 -0.379731 0.682553
      vertex 0.539214 -0.327903 0.775711
    endloop
  endfacet
  facet normal 0.629169 -0.273287 0.727641
    outer loop
      vertex 0.539214 -0.327903 0.775711
      vertex 0.624440 -0.379731 0.682553
      vertex 0.703735 -0.197177 0.682553
    endloop
  endfacet
  facet normal 0.629169 -0.273287 0.727641
    outer loop
      vertex 0.539214 -0.327903 0.775711
      vertex 0.703735 -0.197177 0.682553
      vertex 0.607685 -0.170265 0.775711
    endloop
  endfacet
  facet normal 0.679569 -0.093405 0.727641
    outer loop
      vertex 0.607685 -0.170265 0.775711
      vertex 0.703735 -0.197177 0.682553
      vertex 0.730836 -0.000000 0.682553
    endloop
  endfacet
  facet normal 0.679569 -0.093405 0.727641
    outer loop
      vertex 0.607685 -0.170265 0.775711
      vertex 0.730836 -0.000000 0.682553
      vertex 0.631088 -0.000000 0.775711
    endloop
  endfacet
  facet normal 0.771340 0.106018 0.627531
    outer loop
      vertex 0.730836 0.000000 0.682553
      vertex 0.816970 0.000000 0.576680
      vertex 0.786674 0.220416 0.576680
    endloop
  endfacet
  facet normal 0.771340 0.106018 0.627531
    outer loop
      vertex 0.730836 0.000000 0.682553
      vertex 0.786674 0.220416 0.576680
      vertex 0.703735 0.197177 0.682553
    endloop
  endfacet
  facet normal 0.714133 0.310192 0.627531
    outer loop
      vertex 0.703735 0.197177 0.682553
      vertex 0.786674 0.220416 0.576680
      vertex 0.698035 0.424484 0.576680
    endloop
  endfacet
  facet normal 0.714133 0.310192 0.627531
    outer loop
      vertex 0.703735 0.197177 0.682553
      vertex 0.698035 0.424484 0.576680
      vertex 0.624440 0.379731 0.682553
    endloop
  endfacet
  facet normal 0.603962 0.491360 0.627531
    outer loop
      vertex 0.624440 0.379731 0.682553
      vertex 0.698035 0.424484 0.576680
      vertex 0.557625 0.597071 0.576680
    endloop
  endfacet
  facet normal 0.603962 0.491360 0.627531
    outer loop
      vertex 0.624440 0.379731 0.682553
      vertex 0.557625 0.597071 0.576680
      vertex 0.498834 0.534121 0.682553
    endloop
  endfacet
  facet normal 0.448998 0.636086 0.627531
    outer loop
      vertex 0.498834 0.534121 0.682553
      vertex 0.557625 0.597071 0.576680
      vertex 0.375859 0.725375 0.576680
    endloop
  endfacet
  facet normal 0.448998 0.636086 0.627531
    outer loop
      vertex 0.498834 0.534121 0.682553
      vertex 0.375859 0.725375 0.576680
      vertex 0.336232 0.648898 0.682553
    endloop
  endfacet
  facet normal 0.260734 0.733636 0.627531
    outer loop
      vertex 0.336232 0.648898 0.682553
      vertex 0.375859 0.725375 0.576680
      vertex 0.166217 0.799882 0.576680
    endloop
  endfacet
  facet normal 0.260734 0.733636 0.627531
    outer loop
      vertex 0.336232 0.648898 0.682553
      vertex 0.166217 0.799882 0.576680
      vertex 0.148693 0.715550 0.682553
    endloop
  endfacet
  facet normal 0.053133 0.776776 0.627531
    outer loop
      vertex 0.148693 0.715550 0.682553
      vertex 0.166217 0.799882 0.576680
      vertex -0.055752 0.815065 0.576680
    endloop
  endfacet
  facet normal 0.053133 0.776776 0.627531
    outer loop
      vertex 0.148693 0.715550 0.682553
      vertex -0.055752 0.815065 0.576680
      vertex -0.049874 0.729132 0.682553
    endloop
  endfacet
  facet normal -0.158409 0.762306 0.627531
    outer loop
      vertex -0.049874 0.729132 0.682553
      vertex -0.055752 0.815065 0.576680
      vertex -0.273587 0.769799 0.576680
    endloop
  endfacet
  facet normal -0.158409 0.762306 0.627531
    outer loop
      vertex -0.049874 0.729132 0.682553
      vertex -0.273587 0.769799 0.576680
      vertex -0.244742 0.688638 0.682553
    endloop
  endfacet
  facet normal -0.358203 0.691300 0.627531
    outer loop
      vertex -0.244742 0.688638 0.682553
      vertex -0.273587 0.769799 0.576680
      vertex -0.471130 0.667440 0.576680
    endloop
  endfacet
  facet normal -0.358203 0.691300 0.627531
    outer loop
      vertex -0.244742 0.688638 0.682553
      vertex -0.471130 0.667440 0.576680
      vertex -0.421459 0.597071 0.682553
    endloop
  endfacet
  facet normal -0.531430 0.569023 0.627531
    outer loop
      vertex -0.421459 0.597071 0.682553
      vertex -0.471130 0.667440 0.576680
      vertex -0.633733 0.515580 0.576680
    endloop
  endfacet
  facet normal -0.531430 0.569023 0.627531
    outer loop
      vertex -0.421459 0.597071 0.682553
      vertex -0.633733 0.515580 0.576680
      vertex -0.566918 0.461222 0.682553
    endloop
  endfacet
  facet normal -0.665244 0.404544 0.627531
    outer loop
      vertex -0.566918 0.461222 0.682553
      vertex -0.633733 0.515580 0.576680
      vertex -0.749334 0.325482 0.576680
    endloop
  endfacet
  facet normal -0.665244 0.404544 0.627531
    outer loop
      vertex -0.566918 0.461222 0.682553
      vertex -0.749334 0.325482 0.576680
      vertex -0.670331 0.291166 0.682553
    endloop
  endfacet
  facet normal -0.749719 0.210061 0.627531
    outer loop
      vertex -0.670331 0.291166 0.682553
      vertex -0.749334 0.325482 0.576680
      vertex -0.809361 0.111244 0.576680
    endloop
  endfacet
  facet normal -0.749719 0.210061 0.627531
    outer loop
      vertex -0.670331 0.291166 0.682553
      vertex -0.809361 0.111244 0.576680
      vertex -0.724029 0.099515 0.682553
    endloop
  endfacet
  facet normal -0.778591 0.000000 0.627531
    outer loop
      vertex -0.724029 0.099515 0.682553
      vertex -0.809361 0.111244 0.576680
      vertex -0.809361 -0.111244 0.576680
    endloop
  endfacet
  facet normal -0.778591 0.000000 0.627531
    outer loop
      vertex -0.724029 0.099515 0.682553
      vertex -0.809361 -0.111244 0.576680
      vertex -0.724029 -0.099515 0.682553
    endloop
  endfacet
  facet normal -0.749719 -0.210061 0.627531
    outer loop
      vertex -0.724029 -0.099515 0.682553
      vertex -0.809361 -0.111244 0.576680
      vertex -0.749334 -0.325482 0.576680
    endloop
  endfacet
  facet normal -0.749719 -0.210061 0.627531
    outer loop
      vertex -0.724029 -0.099515 0.682553
      vertex -0.749334 -0.325482 0.576680
      vertex -0.670331 -0.291166 0.682553
    endloop
  endfacet
  facet normal -0.665244 -0.404544 0.627531
    outer loop
      vertex -0.670331 -0.291166 0.682553
      vertex -0.749334 -0.325482 0.576680
      vertex -0.633733 -0.515580 0.576680
    endloop
  endfacet
  facet normal -0.665244 -0.404544 0.627531
    outer loop
      vertex -0.670331 -0.291166 0.682553
      vertex -0.633733 -0.515580 0.576680
      vertex -0.566918 -0.461222 0.682553
    endloop
  endfacet
  facet normal -0.531430 -0.569023 0.627531
    outer loop
      vertex -0.566918 -0.461222 0.682553
      vertex -0.633733 -0.515580 0.576680
      vertex -0.471130 -0.667440 0.576680
    endloop
  endfacet
  facet normal -0.531430 -0.569023 0.627531
    outer loop
      vertex -0.566918 -0.461222 0.682553
      vertex -0.471130 -0.667440 0.576680
      vertex -0.421459 -0.597071 0.682553
    endloop
  endfacet
  facet normal -0.358203 -0.691300 0.627531
    outer loop
      vertex -0.421459 -0.597071 0.682553
      vertex -0.471130 -0.667440 0.576680
      vertex -0.273587 -0.769799 0.576680
    endloop
  endfacet
  facet normal -0.358203 -0.691300 0.627531
    outer loop
      vertex -0.421459 -0.597071 0.682553
      vertex -0.273587 -0.769799 0.576680
      vertex -0.244742 -0.688638 0.682553
    endloop
  endfacet
  facet normal -0.158409 -0.762306 0.627531
    outer loop
      vertex -0.244742 -0.688638 0.682553
      vertex -0.273587 -0.769799 0.576680
      vertex -0.055752 -0.815065 0.576680
    endloop
  endfacet
  facet normal -0.158409 -0.762306 0.627531
    outer loop
      vertex -0.244742 -0.688638 0.682553
      vertex -0.055752 -0.815065 0.576680
      vertex -0.049874 -0.729132 0.682553
    endloop
  endfacet
  facet normal 0.053133 -0.776776 0.627531
    outer loop
      vertex -0.049874 -0.729132 0.682553
      vertex -0.055752 -0.815065 0.576680
      vertex 0.166217 -0.799882 0.576680
    endloop
  endfacet
  facet normal 0.053133 -0.776776 0.627531
    outer loop
      vertex -0.049874 -0.729132 0.682553
      vertex 0.166217 -0.799882 0.576680
      vertex 0.148693 -0.715550 0.682553
    endloop
  endfacet
  facet normal 0.260734 -0.733636 0.627531
    outer loop
      vertex 0.148693 -0.715550 0.682553
      vertex 0.166217 -0.799882 0.576680
      vertex 0.375859 -0.725375 0.576680
    endloop
  endfacet
  facet normal 0.260734 -0.733636 0.627531
    outer loop
      vertex 0.148693 -0.715550 0.682553
      vertex 0.375859 -0.725375 0.576680
      vertex 0.336232 -0.648898 0.682553
    endloop
  endfacet
  facet normal 0.448998 -0.636086 0.627531
    outer loop
      vertex 0.336232 -0.648898 0.682553
      vertex 0.375859 -0.725375 0.576680
      vertex 0.557625 -0.597071 0.576680
    endloop
  endfacet
  facet normal 0.448998 -0.636086 0.627531
    outer loop
      vertex 0.336232 -0.648898 0.682553
      vertex 0.557625 -0.597071 0.576680
      vertex 0.498834 -0.534121 0.682553
    endloop
  endfacet
  facet normal 0.603962 -0.491360 0.627531
    outer loop
      vertex 0.498834 -0.534121 0.682553
      vertex 0.557625 -0.597071 0.576680
      vertex 0.698035 -0.424484 0.576680
    endloop
  endfacet
  facet normal 0.603962 -0.491360 0.627531
    outer loop
      vertex 0.498834 -0.534121 0.682553
      vertex 0.698035 -0.424484 0.576680
      vertex 0.624440 -0.379731 0.682553
    endloop
  endfacet
  facet normal 0.714133 -0.310192 0.627531
    outer loop
      vertex 0.624440 -0.379731 0.682553
      vertex 0.698035 -0.424484 0.576680
      vertex 0.786674 -0.220416 0.576680
    endloop
  endfacet
  facet normal 0.714133 -0.310192 0.627531
    outer loop
      vertex 0.624440 -0.379731 0.682553
      vertex 0.786674 -0.220416 0.576680
      vertex 0.703735 -0.197177 0.682553
    endloop
  endfacet
  facet normal 0.771340 -0.106018 0.627531
    outer loop
      vertex 0.703735 -0.197177 0.682553
      vertex 0.786674 -0.220416 0.576680
      vertex 0.816970 -0.000000 0.576680
    endloop
  endfacet
  facet normal 0.771340 -0.106018 0.627531
    outer loop
      vertex 0.703735 -0.197177 0.682553
      vertex 0.816970 -0.000000 0.576680
      vertex 0.730836 -0.000000 0.682553
    endloop
  endfacet
  facet normal 0.848588 0.116636 0.516038
    outer loop
      vertex 0.816970 0.000000 0.576680
      vertex 0.887885 0.000000 0.460065
      vertex 0.854960 0.239549 0.460065
    endloop
  endfacet
  facet normal 0.848588 0.116636 0.516038
    outer loop
      vertex 0.816970 0.000000 0.576680
      vertex 0.854960 0.239549 0.460065
      vertex 0.786674 0.220416 0.576680
    endloop
  endfacet
  facet normal 0.785652 0.341257 0.516038
    outer loop
      vertex 0.786674 0.220416 0.576680
      vertex 0.854960 0.239549 0.460065
      vertex 0.758626 0.461331 0.460065
    endloop
  endfacet
  facet normal 0.785652 0.341257 0.516038
    outer loop
      vertex 0.786674 0.220416 0.576680
      vertex 0.758626 0.461331 0.460065
      vertex 0.698035 0.424484 0.576680
    endloop
  endfacet
  facet normal 0.664448 0.540568 0.516038
    outer loop
      vertex 0.698035 0.424484 0.576680
      vertex 0.758626 0.461331 0.460065
      vertex 0.606029 0.648898 0.460065
    endloop
  endfacet
  facet normal 0.664448 0.540568 0.516038
    outer loop
      vertex 0.698035 0.424484 0.576680
      vertex 0.606029 0.648898 0.460065
      vertex 0.557625 0.597071 0.576680
    endloop
  endfacet
  facet normal 0.493965 0.699789 0.516038
    outer loop
      vertex 0.557625 0.597071 0.576680
      vertex 0.606029 0.648898 0.460065
      vertex 0.408485 0.788340 0.460065
    endloop
  endfacet
  facet normal 0.493965 0.699789 0.516038
    outer loop
      vertex 0.557625 0.597071 0.576680
      vertex 0.408485 0.788340 0.460065
      vertex 0.375859 0.725375 0.576680
    endloop
  endfacet
  facet normal 0.286846 0.807109 0.516038
    outer loop
      vertex 0.375859 0.725375 0.576680
      vertex 0.408485 0.788340 0.460065
      vertex 0.180646 0.869314 0.460065
    endloop
  endfacet
  facet normal 0.286846 0.807109 0.516038
    outer loop
      vertex 0.375859 0.725375 0.576680
      vertex 0.180646 0.869314 0.460065
      vertex 0.166217 0.799882 0.576680
    endloop
  endfacet
  facet normal 0.058454 0.854569 0.516038
    outer loop
      vertex 0.166217 0.799882 0.576680
      vertex 0.180646 0.869314 0.460065
      vertex -0.060591 0.885815 0.460065
    endloop
  endfacet
  facet normal 0.058454 0.854569 0.516038
    outer loop
      vertex 0.166217 0.799882 0.576680
      vertex -0.060591 0.885815 0.460065
      vertex -0.055752 0.815065 0.576680
    endloop
  endfacet
  facet normal -0.174273 0.838650 0.516038
    outer loop
      vertex -0.055752 0.815065 0.576680
      vertex -0.060591 0.885815 0.460065
      vertex -0.297335 0.836620 0.460065
    endloop
  endfacet
  facet normal -0.174273 0.838650 0.516038
    outer loop
      vertex -0.055752 0.815065 0.576680
      vertex -0.297335 0.836620 0.460065
      vertex -0.273587 0.769799 0.576680
    endloop
  endfacet
  facet normal -0.394076 0.760532 0.516038
    outer loop
      vertex -0.273587 0.769799 0.576680
      vertex -0.297335 0.836620 0.460065
      vertex -0.512026 0.725375 0.460065
    endloop
  endfacet
  facet normal -0.394076 0.760532 0.516038
    outer loop
      vertex -0.273587 0.769799 0.576680
      vertex -0.512026 0.725375 0.460065
      vertex -0.471130 0.667440 0.576680
    endloop
  endfacet
  facet normal -0.584652 0.626009 0.516038
    outer loop
      vertex -0.471130 0.667440 0.576680
      vertex -0.512026 0.725375 0.460065
      vertex -0.688743 0.560334 0.460065
    endloop
  endfacet
  facet normal -0.584652 0.626009 0.516038
    outer loop
      vertex -0.471130 0.667440 0.576680
      vertex -0.688743 0.560334 0.460065
      vertex -0.633733 0.515580 0.576680
    endloop
  endfacet
  facet normal -0.731867 0.445058 0.516038
    outer loop
      vertex -0.633733 0.515580 0.576680
      vertex -0.688743 0.560334 0.460065
      vertex -0.814378 0.353734 0.460065
    endloop
  endfacet
  facet normal -0.731867 0.445058 0.516038
    outer loop
      vertex -0.633733 0.515580 0.576680
      vertex -0.814378 0.353734 0.460065
      vertex -0.749334 0.325482 0.576680
    endloop
  endfacet
  facet normal -0.824802 0.231099 0.516038
    outer loop
      vertex -0.749334 0.325482 0.576680
      vertex -0.814378 0.353734 0.460065
      vertex -0.879615 0.120900 0.460065
    endloop
  endfacet
  facet normal -0.824802 0.231099 0.516038
    outer loop
      vertex -0.749334 0.325482 0.576680
      vertex -0.879615 0.120900 0.460065
      vertex -0.809361 0.111244 0.576680
    endloop
  endfacet
  facet normal -0.856566 0.000000 0.516038
    outer loop
      vertex -0.809361 0.111244 0.576680
      vertex -0.879615 0.120900 0.460065
      vertex -0.879615 -0.120900 0.460065
    endloop
  endfacet
  facet normal -0.856566 0.000000 0.516038
    outer loop
      vertex -0.809361 0.111244 0.576680
      vertex -0.879615 -0.120900 0.460065
      vertex -0.809361 -0.111244 0.576680
    endloop
  endfacet
  facet normal -0.824802 -0.231099 0.516038
    outer loop
      vertex -0.809361 -0.111244 0.576680
      vertex -0.879615 -0.120900 0.460065
      vertex -0.814378 -0.353734 0.460065
    endloop
  endfacet
  facet normal -0.824802 -0.231099 0.516038
    outer loop
      vertex -0.809361 -0.111244 0.576680
      vertex -0.814378 -0.353734 0.460065
      vertex -0.749334 -0.325482 0.576680
    endloop
  endfacet
  facet normal -0.731867 -0.445058 0.516038
    outer loop
      vertex -0.749334 -0.325482 0.576680
      vertex -0.814378 -0.353734 0.460065
      vertex -0.688743 -0.560334 0.460065
    endloop
  endfacet
  facet normal -0.731867 -0.445058 0.516038
    outer loop
      vertex -0.749334 -0.325482 0.576680
      vertex -0.688743 -0.560334 0.460065
      vertex -0.633733 -0.515580 0.576680
    endloop
  endfacet
  facet normal -0.584652 -0.626009 0.516038
    outer loop
      vertex -0.633733 -0.515580 0.576680
      vertex -0.688743 -0.560334 0.460065
      vertex -0.512026 -0.725375 0.460065
    endloop
  endfacet
  facet normal -0.584652 -0.626009 0.516038
    outer loop
      vertex -0.633733 -0.515580 0.576680
      vertex -0.512026 -0.725375 0.460065
      vertex -0.471130 -0.667440 0.576680
    endloop
  endfacet
  facet normal -0.394076 -0.760532 0.516038
    outer loop
      vertex -0.471130 -0.667440 0.576680
      vertex -0.512026 -0.725375 0.460065
      vertex -0.297335 -0.836620 0.460065
    endloop
  endfacet
  facet normal -0.394076 -0.760532 0.516038
    outer loop
      vertex -0.471130 -0.667440 0.576680
      vertex -0.297335 -0.836620 0.460065
      vertex -0.273587 -0.769799 0.576680
    endloop
  endfacet
  facet normal -0.174273 -0.838650 0.516038
    outer loop
      vertex -0.273587 -0.769799 0.576680
      vertex -0.297335 -0.836620 0.460065
      vertex -0.060591 -0.885815 0.460065
    endloop
  endfacet
  facet normal -0.174273 -0.838650 0.516038
    outer loop
      vertex -0.273587 -0.769799 0.576680
      vertex -0.060591 -0.885815 0.460065
      vertex -0.055752 -0.815065 0.576680
    endloop
  endfacet
  facet normal 0.058454 -0.854569 0.516038
    outer loop
      vertex -0.055752 -0.815065 0.576680
      vertex -0.060591 -0.885815 0.460065
      vertex 0.180646 -0.869314 0.460065
    endloop
  endfacet
  facet normal 0.058454 -0.854569 0.516038
    outer loop
      vertex -0.055752 -0.815065 0.576680
      vertex 0.180646 -0.869314 0.460065
      vertex 0.166217 -0.799882 0.576680
    endloop
  endfacet
  facet normal 0.286846 -0.807109 0.516038
    outer loop
      vertex 0.166217 -0.799882 0.576680
      vertex 0.180646 -0.869314 0.460065
      vertex 0.408485 -0.788340 0.460065
    endloop
  endfacet
  facet normal 0.286846 -0.807109 0.516038
    outer loop
      vertex 0.166217 -0.799882 0.576680
      vertex 0.408485 -0.788340 0.460065
      vertex 0.375859 -0.725375 0.576680
    endloop
  endfacet
  facet normal 0.493965 -0.699789 0.516038
    outer loop
      vertex 0.375859 -0.725375 0.576680
      vertex 0.408485 -0.788340 0.460065
      vertex 0.606029 -0.648898 0.460065
    endloop
  endfacet
  facet normal 0.493965 -0.699789 0.516038
    outer loop
      vertex 0.375859 -0.725375 0.576680
      vertex 0.606029 -0.648898 0.460065
      vertex 0.557625 -0.597071 0.576680
    endloop
  endfacet
  facet normal 0.664448 -0.540568 0.516038
    outer loop
      vertex 0.557625 -0.597071 0.576680
      vertex 0.606029 -0.648898 0.460065
      vertex 0.758626 -0.461331 0.460065
    endloop
  endfacet
  facet normal 0.664448 -0.540568 0.516038
    outer loop
      vertex 0.557625 -0.597071 0.576680
      vertex 0.758626 -0.461331 0.460065
      vertex 0.698035 -0.424484 0.576680
    endloop
  endfacet
  facet normal 0.785652 -0.341257 0.516038
    outer loop
      vertex 0.698035 -0.424484 0.576680
      vertex 0.758626 -0.461331 0.460065
      vertex 0.854960 -0.239549 0.460065
    endloop
  endfacet
  facet normal 0.785652 -0.341257 0.516038
    outer loop
      vertex 0.698035 -0.424484 0.576680
      vertex 0.854960 -0.239549 0.460065
      vertex 0.786674 -0.220416 0.576680
    endloop
  endfacet
  facet normal 0.848588 -0.116636 0.516038
    outer loop
      vertex 0.786674 -0.220416 0.576680
      vertex 0.854960 -0.239549 0.460065
      vertex 0.887885 -0.000000 0.460065
    endloop
  endfacet
  facet normal 0.848588 -0.116636 0.516038
    outer loop
      vertex 0.786674 -0.220416 0.576680
      vertex 0.887885 -0.000000 0.460065
      vertex 0.816970 -0.000000 0.576680
    endloop
  endfacet
  facet normal 0.910008 0.125078 0.395272
    outer loop
      vertex 0.887885 0.000000 0.460065
      vertex 0.942261 0.000000 0.334880
      vertex 0.907319 0.254219 0.334880
    endloop
  endfacet
  facet normal 0.910008 0.125078 0.395272
    outer loop
      vertex 0.887885 0.000000 0.460065
      vertex 0.907319 0.254219 0.334880
      vertex 0.854960 0.239549 0.460065
    endloop
  endfacet
  facet normal 0.842517 0.365957 0.395272
    outer loop
      vertex 0.854960 0.239549 0.460065
      vertex 0.907319 0.254219 0.334880
      vertex 0.805086 0.489584 0.334880
    endloop
  endfacet
  facet normal 0.842517 0.365957 0.395272
    outer loop
      vertex 0.854960 0.239549 0.460065
      vertex 0.805086 0.489584 0.334880
      vertex 0.758626 0.461331 0.460065
    endloop
  endfacet
  facet normal 0.712540 0.579695 0.395272
    outer loop
      vertex 0.758626 0.461331 0.460065
      vertex 0.805086 0.489584 0.334880
      vertex 0.643143 0.688638 0.334880
    endloop
  endfacet
  facet normal 0.712540 0.579695 0.395272
    outer loop
      vertex 0.758626 0.461331 0.460065
      vertex 0.643143 0.688638 0.334880
      vertex 0.606029 0.648898 0.460065
    endloop
  endfacet
  facet normal 0.529718 0.750439 0.395272
    outer loop
      vertex 0.606029 0.648898 0.460065
      vertex 0.643143 0.688638 0.334880
      vertex 0.433501 0.836620 0.334880
    endloop
  endfacet
  facet normal 0.529718 0.750439 0.395272
    outer loop
      vertex 0.606029 0.648898 0.460065
      vertex 0.433501 0.836620 0.334880
      vertex 0.408485 0.788340 0.460065
    endloop
  endfacet
  facet normal 0.307608 0.865527 0.395272
    outer loop
      vertex 0.408485 0.788340 0.460065
      vertex 0.433501 0.836620 0.334880
      vertex 0.191709 0.922553 0.334880
    endloop
  endfacet
  facet normal 0.307608 0.865527 0.395272
    outer loop
      vertex 0.408485 0.788340 0.460065
      vertex 0.191709 0.922553 0.334880
      vertex 0.180646 0.869314 0.460065
    endloop
  endfacet
  facet normal 0.062685 0.916423 0.395272
    outer loop
      vertex 0.180646 0.869314 0.460065
      vertex 0.191709 0.922553 0.334880
      vertex -0.064302 0.940064 0.334880
    endloop
  endfacet
  facet normal 0.062685 0.916423 0.395272
    outer loop
      vertex 0.180646 0.869314 0.460065
      vertex -0.064302 0.940064 0.334880
      vertex -0.060591 0.885815 0.460065
    endloop
  endfacet
  facet normal -0.186887 0.899351 0.395272
    outer loop
      vertex -0.060591 0.885815 0.460065
      vertex -0.064302 0.940064 0.334880
      vertex -0.315544 0.887856 0.334880
    endloop
  endfacet
  facet normal -0.186887 0.899351 0.395272
    outer loop
      vertex -0.060591 0.885815 0.460065
      vertex -0.315544 0.887856 0.334880
      vertex -0.297335 0.836620 0.460065
    endloop
  endfacet
  facet normal -0.422599 0.815579 0.395272
    outer loop
      vertex -0.297335 0.836620 0.460065
      vertex -0.315544 0.887856 0.334880
      vertex -0.543383 0.769799 0.334880
    endloop
  endfacet
  facet normal -0.422599 0.815579 0.395272
    outer loop
      vertex -0.297335 0.836620 0.460065
      vertex -0.543383 0.769799 0.334880
      vertex -0.512026 0.725375 0.460065
    endloop
  endfacet
  facet normal -0.626969 0.671320 0.395272
    outer loop
      vertex -0.512026 0.725375 0.460065
      vertex -0.543383 0.769799 0.334880
      vertex -0.730922 0.594650 0.334880
    endloop
  endfacet
  facet normal -0.626969 0.671320 0.395272
    outer loop
      vertex -0.512026 0.725375 0.460065
      vertex -0.730922 0.594650 0.334880
      vertex -0.688743 0.560334 0.460065
    endloop
  endfacet
  facet normal -0.784839 0.477271 0.395272
    outer loop
      vertex -0.688743 0.560334 0.460065
      vertex -0.730922 0.594650 0.334880
      vertex -0.864252 0.375398 0.334880
    endloop
  endfacet
  facet normal -0.784839 0.477271 0.395272
    outer loop
      vertex -0.688743 0.560334 0.460065
      vertex -0.864252 0.375398 0.334880
      vertex -0.814378 0.353734 0.460065
    endloop
  endfacet
  facet normal -0.884501 0.247826 0.395272
    outer loop
      vertex -0.814378 0.353734 0.460065
      vertex -0.864252 0.375398 0.334880
      vertex -0.933485 0.128305 0.334880
    endloop
  endfacet
  facet normal -0.884501 0.247826 0.395272
    outer loop
      vertex -0.814378 0.353734 0.460065
      vertex -0.933485 0.128305 0.334880
      vertex -0.879615 0.120900 0.460065
    endloop
  endfacet
  facet normal -0.918564 0.000000 0.395272
    outer loop
      vertex -0.879615 0.120900 0.460065
      vertex -0.933485 0.128305 0.334880
      vertex -0.933485 -0.128305 0.334880
    endloop
  endfacet
  facet normal -0.918564 0.000000 0.395272
    outer loop
      vertex -0.879615 0.120900 0.460065
      vertex -0.933485 -0.128305 0.334880
      vertex -0.879615 -0.120900 0.460065
    endloop
  endfacet
  facet normal -0.884501 -0.247826 0.395272
    outer loop
      vertex -0.879615 -0.120900 0.460065
      vertex -0.933485 -0.128305 0.334880
      vertex -0.864252 -0.375398 0.334880
    endloop
  endfacet
  facet normal -0.884501 -0.247826 0.395272
    outer loop
      vertex -0.879615 -0.120900 0.460065
      vertex -0.864252 -0.375398 0.334880
      vertex -0.814378 -0.353734 0.460065
    endloop
  endfacet
  facet normal -0.784839 -0.477271 0.395272
    outer loop
      vertex -0.814378 -0.353734 0.460065
      vertex -0.864252 -0.375398 0.334880
      vertex -0.730922 -0.594650 0.334880
    endloop
  endfacet
  facet normal -0.784839 -0.477271 0.395272
    outer loop
      vertex -0.814378 -0.353734 0.460065
      vertex -0.730922 -0.594650 0.334880
      vertex -0.688743 -0.560334 0.460065
    endloop
  endfacet
  facet normal -0.626969 -0.671320 0.395272
    outer loop
      vertex -0.688743 -0.560334 0.460065
      vertex -0.730922 -0.594650 0.334880
      vertex -0.543383 -0.769799 0.334880
    endloop
  endfacet
  facet normal -0.626969 -0.671320 0.395272
    outer loop
      vertex -0.688743 -0.560334 0.460065
      vertex -0.543383 -0.769799 0.334880
      vertex -0.512026 -0.725375 0.460065
    endloop
  endfacet
  facet normal -0.422599 -0.815579 0.395272
    outer loop
      vertex -0.512026 -0.725375 0.460065
      vertex -0.543383 -0.769799 0.334880
      vertex -0.315544 -0.887856 0.334880
    endloop
  endfacet
  facet normal -0.422599 -0.815579 0.395272
    outer loop
      vertex -0.512026 -0.725375 0.460065
      vertex -0.315544 -0.887856 0.334880
      vertex -0.297335 -0.836620 0.460065
    endloop
  endfacet
  facet normal -0.186887 -0.899351 0.395272
    outer loop
      vertex -0.297335 -0.836620 0.460065
      vertex -0.315544 -0.887856 0.334880
      vertex -0.064302 -0.940064 0.334880
    endloop
  endfacet
  facet normal -0.186887 -0.899351 0.395272
    outer loop
      vertex -0.297335 -0.836620 0.460065
      vertex -0.064302 -0.940064 0.334880
      vertex -0.060591 -0.885815 0.460065
    endloop
  endfacet
  facet normal 0.062685 -0.916423 0.395272
    outer loop
      vertex -0.060591 -0.885815 0.460065
      vertex -0.064302 -0.940064 0.334880
      vertex 0.191709 -0.922553 0.334880
    endloop
  endfacet
  facet normal 0.062685 -0.916423 0.395272
    outer loop
      vertex -0.060591 -0.885815 0.460065
      vertex 0.191709 -0.922553 0.334880
      vertex 0.180646 -0.869314 0.460065
    endloop
  endfacet
  facet normal 0.307608 -0.865527 0.395272
    outer loop
      vertex 0.180646 -0.869314 0.460065
      vertex 0.191709 -0.922553 0.334880
      vertex 0.433501 -0.836620 0.334880
    endloop
  endfacet
  facet normal 0.307608 -0.865527 0.395272
    outer loop
      vertex 0.180646 -0.869314 0.460065
      vertex 0.433501 -0.836620 0.334880
      vertex 0.408485 -0.788340 0.460065
    endloop
  endfacet
  facet normal 0.529718 -0.750439 0.395272
    outer loop
      vertex 0.408485 -0.788340 0.460065
      vertex 0.433501 -0.836620 0.334880
      vertex 0.643143 -0.688638 0.334880
    endloop
  endfacet
  facet normal 0.529718 -0.750439 0.395272
    outer loop
      vertex 0.408485 -0.788340 0.460065
      vertex 0.643143 -0.688638 0.334880
      vertex 0.606029 -0.648898 0.460065
    endloop
  endfacet
  facet normal 0.712540 -0.579695 0.395272
    outer loop
      vertex 0.606029 -0.648898 0.460065
      vertex 0.643143 -0.688638 0.334880
      vertex 0.805086 -0.489584 0.334880
    endloop
  endfacet
  facet normal 0.712540 -0.579695 0.395272
    outer loop
      vertex 0.606029 -0.648898 0.460065
      vertex 0.805086 -0.489584 0.334880
      vertex 0.758626 -0.461331 0.460065
    endloop
  endfacet
  facet normal 0.842517 -0.365957 0.395272
    outer loop
      vertex 0.758626 -0.461331 0.460065
      vertex 0.805086 -0.489584 0.334880
      vertex 0.907319 -0.254219 0.334880
    endloop
  endfacet
  facet normal 0.842517 -0.365957 0.395272
    outer loop
      vertex 0.758626 -0.461331 0.460065
      vertex 0.907319 -0.254219 0.334880
      vertex 0.854960 -0.239549 0.460065
    endloop
  endfacet
  facet normal 0.910008 -0.125078 0.395272
    outer loop
      vertex 0.854960 -0.239549 0.460065
      vertex 0.907319 -0.254219 0.334880
      vertex 0.942261 -0.000000 0.334880
    endloop
  endfacet
  facet normal 0.910008 -0.125078 0.395272
    outer loop
      vertex 0.854960 -0.239549 0.460065
      vertex 0.942261 -0.000000 0.334880
      vertex 0.887885 -0.000000 0.460065
    endloop
  endfacet
  facet normal 0.954593 0.131206 0.267464
    outer loop
      vertex 0.942261 0.000000 0.334880
      vertex 0.979084 0.000000 0.203456
      vertex 0.942777 0.264154 0.203456
    endloop
  endfacet
  facet normal 0.954593 0.131206 0.267464
    outer loop
      vertex 0.942261 0.000000 0.334880
      vertex 0.942777 0.264154 0.203456
      vertex 0.907319 0.254219 0.334880
    endloop
  endfacet
  facet normal 0.883795 0.383886 0.267464
    outer loop
      vertex 0.907319 0.254219 0.334880
      vertex 0.942777 0.264154 0.203456
      vertex 0.836548 0.508716 0.203456
    endloop
  endfacet
  facet normal 0.883795 0.383886 0.267464
    outer loop
      vertex 0.907319 0.254219 0.334880
      vertex 0.836548 0.508716 0.203456
      vertex 0.805086 0.489584 0.334880
    endloop
  endfacet
  facet normal 0.747450 0.608096 0.267464
    outer loop
      vertex 0.805086 0.489584 0.334880
      vertex 0.836548 0.508716 0.203456
      vertex 0.668277 0.715550 0.203456
    endloop
  endfacet
  facet normal 0.747450 0.608096 0.267464
    outer loop
      vertex 0.805086 0.489584 0.334880
      vertex 0.668277 0.715550 0.203456
      vertex 0.643143 0.688638 0.334880
    endloop
  endfacet
  facet normal 0.555671 0.787206 0.267464
    outer loop
      vertex 0.643143 0.688638 0.334880
      vertex 0.668277 0.715550 0.203456
      vertex 0.450442 0.869314 0.203456
    endloop
  endfacet
  facet normal 0.555671 0.787206 0.267464
    outer loop
      vertex 0.643143 0.688638 0.334880
      vertex 0.450442 0.869314 0.203456
      vertex 0.433501 0.836620 0.334880
    endloop
  endfacet
  facet normal 0.322679 0.907932 0.267464
    outer loop
      vertex 0.433501 0.836620 0.334880
      vertex 0.450442 0.869314 0.203456
      vertex 0.199201 0.958606 0.203456
    endloop
  endfacet
  facet normal 0.322679 0.907932 0.267464
    outer loop
      vertex 0.433501 0.836620 0.334880
      vertex 0.199201 0.958606 0.203456
      vertex 0.191709 0.922553 0.334880
    endloop
  endfacet
  facet normal 0.065756 0.961321 0.267464
    outer loop
      vertex 0.191709 0.922553 0.334880
      vertex 0.199201 0.958606 0.203456
      vertex -0.066815 0.976802 0.203456
    endloop
  endfacet
  facet normal 0.065756 0.961321 0.267464
    outer loop
      vertex 0.191709 0.922553 0.334880
      vertex -0.066815 0.976802 0.203456
      vertex -0.064302 0.940064 0.334880
    endloop
  endfacet
  facet normal -0.196044 0.943414 0.267464
    outer loop
      vertex -0.064302 0.940064 0.334880
      vertex -0.066815 0.976802 0.203456
      vertex -0.327875 0.922553 0.203456
    endloop
  endfacet
  facet normal -0.196044 0.943414 0.267464
    outer loop
      vertex -0.064302 0.940064 0.334880
      vertex -0.327875 0.922553 0.203456
      vertex -0.315544 0.887856 0.334880
    endloop
  endfacet
  facet normal -0.443304 0.855538 0.267464
    outer loop
      vertex -0.315544 0.887856 0.334880
      vertex -0.327875 0.922553 0.203456
      vertex -0.564619 0.799882 0.203456
    endloop
  endfacet
  facet normal -0.443304 0.855538 0.267464
    outer loop
      vertex -0.315544 0.887856 0.334880
      vertex -0.564619 0.799882 0.203456
      vertex -0.543383 0.769799 0.334880
    endloop
  endfacet
  facet normal -0.657686 0.704210 0.267464
    outer loop
      vertex -0.543383 0.769799 0.334880
      vertex -0.564619 0.799882 0.203456
      vertex -0.759487 0.617888 0.203456
    endloop
  endfacet
  facet normal -0.657686 0.704210 0.267464
    outer loop
      vertex -0.543383 0.769799 0.334880
      vertex -0.759487 0.617888 0.203456
      vertex -0.730922 0.594650 0.334880
    endloop
  endfacet
  facet normal -0.823291 0.500654 0.267464
    outer loop
      vertex -0.730922 0.594650 0.334880
      vertex -0.759487 0.617888 0.203456
      vertex -0.898027 0.390068 0.203456
    endloop
  endfacet
  facet normal -0.823291 0.500654 0.267464
    outer loop
      vertex -0.730922 0.594650 0.334880
      vertex -0.898027 0.390068 0.203456
      vertex -0.864252 0.375398 0.334880
    endloop
  endfacet
  facet normal -0.927836 0.259967 0.267464
    outer loop
      vertex -0.864252 0.375398 0.334880
      vertex -0.898027 0.390068 0.203456
      vertex -0.969965 0.133319 0.203456
    endloop
  endfacet
  facet normal -0.927836 0.259967 0.267464
    outer loop
      vertex -0.864252 0.375398 0.334880
      vertex -0.969965 0.133319 0.203456
      vertex -0.933485 0.128305 0.334880
    endloop
  endfacet
  facet normal -0.963568 0.000000 0.267464
    outer loop
      vertex -0.933485 0.128305 0.334880
      vertex -0.969965 0.133319 0.203456
      vertex -0.969965 -0.133319 0.203456
    endloop
  endfacet
  facet normal -0.963568 0.000000 0.267464
    outer loop
      vertex -0.933485 0.128305 0.334880
      vertex -0.969965 -0.133319 0.203456
      vertex -0.933485 -0.128305 0.334880
    endloop
  endfacet
  facet normal -0.927836 -0.259967 0.267464
    outer loop
      vertex -0.933485 -0.128305 0.334880
      vertex -0.969965 -0.133319 0.203456
      vertex -0.898027 -0.390068 0.203456
    endloop
  endfacet
  facet normal -0.927836 -0.259967 0.267464
    outer loop
      vertex -0.933485 -0.128305 0.334880
      vertex -0.898027 -0.390068 0.203456
      vertex -0.864252 -0.375398 0.334880
    endloop
  endfacet
  facet normal -0.823291 -0.500654 0.267464
    outer loop
      vertex -0.864252 -0.375398 0.334880
      vertex -0.898027 -0.390068 0.203456
      vertex -0.759487 -0.617888 0.203456
    endloop
  endfacet
  facet normal -0.823291 -0.500654 0.267464
    outer loop
      vertex -0.864252 -0.375398 0.334880
      vertex -0.759487 -0.617888 0.203456
      vertex -0.730922 -0.594650 0.334880
    endloop
  endfacet
  facet normal -0.657686 -0.704210 0.267464
    outer loop
      vertex -0.730922 -0.594650 0.334880
      vertex -0.759487 -0.617888 0.203456
      vertex -0.564619 -0.799882 0.203456
    endloop
  endfacet
  facet normal -0.657686 -0.704210 0.267464
    outer loop
      vertex -0.730922 -0.594650 0.334880
      vertex -0.564619 -0.799882 0.203456
      vertex -0.543383 -0.769799 0.334880
    endloop
  endfacet
  facet normal -0.443304 -0.855538 0.267464
    outer loop
      vertex -0.543383 -0.769799 0.334880
      vertex -0.564619 -0.799882 0.203456
      vertex -0.327875 -0.922553 0.203456
    endloop
  endfacet
  facet normal -0.443304 -0.855538 0.267464
    outer loop
      vertex -0.543383 -0.769799 0.334880
      vertex -0.327875 -0.922553 0.203456
      vertex -0.315544 -0.887856 0.334880
    endloop
  endfacet
  facet normal -0.196044 -0.943414 0.267464
    outer loop
      vertex -0.315544 -0.887856 0.334880
      vertex -0.327875 -0.922553 0.203456
      vertex -0.066815 -0.976802 0.203456
    endloop
  endfacet
  facet normal -0.196044 -0.943414 0.267464
    outer loop
      vertex -0.315544 -0.887856 0.334880
      vertex -0.066815 -0.976802 0.203456
      vertex -0.064302 -0.940064 0.334880
    endloop
  endfacet
  facet normal 0.065756 -0.961321 0.267464
    outer loop
      vertex -0.064302 -0.940064 0.334880
      vertex -0.066815 -0.976802 0.203456
      vertex 0.199201 -0.958606 0.203456
    endloop
  endfacet
  facet normal 0.065756 -0.961321 0.267464
    outer loop
      vertex -0.064302 -0.940064 0.334880
      vertex 0.199201 -0.958606 0.203456
      vertex 0.191709 -0.922553 0.334880
    endloop
  endfacet
  facet normal 0.322679 -0.907932 0.267464
    outer loop
      vertex 0.191709 -0.922553 0.334880
      vertex 0.199201 -0.958606 0.203456
      vertex 0.450442 -0.869314 0.203456
    endloop
  endfacet
  facet normal 0.322679 -0.907932 0.267464
    outer loop
      vertex 0.191709 -0.922553 0.334880
      vertex 0.450442 -0.869314 0.203456
      vertex 0.433501 -0.836620 0.334880
    endloop
  endfacet
  facet normal 0.555671 -0.787206 0.267464
    outer loop
      vertex 0.433501 -0.836620 0.334880
      vertex 0.450442 -0.869314 0.203456
      vertex 0.668277 -0.715550 0.203456
    endloop
  endfacet
  facet normal 0.555671 -0.787206 0.267464
    outer loop
      vertex 0.433501 -0.836620 0.334880
      vertex 0.668277 -0.715550 0.203456
      vertex 0.643143 -0.688638 0.334880
    endloop
  endfacet
  facet normal 0.747450 -0.608096 0.267464
    outer loop
      vertex 0.643143 -0.688638 0.334880
      vertex 0.668277 -0.715550 0.203456
      vertex 0.836548 -0.508716 0.203456
    endloop
  endfacet
  facet normal 0.747450 -0.608096 0.267464
    outer loop
      vertex 0.643143 -0.688638 0.334880
      vertex 0.836548 -0.508716 0.203456
      vertex 0.805086 -0.489584 0.334880
    endloop
  endfacet
  facet normal 0.883795 -0.383886 0.267464
    outer loop
      vertex 0.805086 -0.489584 0.334880
      vertex 0.836548 -0.508716 0.203456
      vertex 0.942777 -0.264154 0.203456
    endloop
  endfacet
  facet normal 0.883795 -0.383886 0.267464
    outer loop
      vertex 0.805086 -0.489584 0.334880
      vertex 0.942777 -0.264154 0.203456
      vertex 0.907319 -0.254219 0.334880
    endloop
  endfacet
  facet normal 0.954593 -0.131206 0.267464
    outer loop
      vertex 0.907319 -0.254219 0.334880
      vertex 0.942777 -0.264154 0.203456
      vertex 0.979084 -0.000000 0.203456
    endloop
  endfacet
  facet normal 0.954593 -0.131206 0.267464
    outer loop
      vertex 0.907319 -0.254219 0.334880
      vertex 0.979084 -0.000000 0.203456
      vertex 0.942261 -0.000000 0.334880
    endloop
  endfacet
  facet normal 0.981627 0.134922 0.134922
    outer loop
      vertex 0.979084 0.000000 0.203456
      vertex 0.997669 0.000000 0.068242
      vertex 0.960673 0.269168 0.068242
    endloop
  endfacet
  facet normal 0.981627 0.134922 0.134922
    outer loop
      vertex 0.979084 0.000000 0.203456
      vertex 0.960673 0.269168 0.068242
      vertex 0.942777 0.264154 0.203456
    endloop
  endfacet
  facet normal 0.908825 0.394758 0.134922
    outer loop
      vertex 0.942777 0.264154 0.203456
      vertex 0.960673 0.269168 0.068242
      vertex 0.852428 0.518373 0.068242
    endloop
  endfacet
  facet normal 0.908825 0.394758 0.134922
    outer loop
      vertex 0.942777 0.264154 0.203456
      vertex 0.852428 0.518373 0.068242
      vertex 0.836548 0.508716 0.203456
    endloop
  endfacet
  facet normal 0.768618 0.625317 0.134922
    outer loop
      vertex 0.836548 0.508716 0.203456
      vertex 0.852428 0.518373 0.068242
      vertex 0.680962 0.729132 0.068242
    endloop
  endfacet
  facet normal 0.768618 0.625317 0.134922
    outer loop
      vertex 0.836548 0.508716 0.203456
      vertex 0.680962 0.729132 0.068242
      vertex 0.668277 0.715550 0.203456
    endloop
  endfacet
  facet normal 0.571407 0.809500 0.134922
    outer loop
      vertex 0.668277 0.715550 0.203456
      vertex 0.680962 0.729132 0.068242
      vertex 0.458993 0.885815 0.068242
    endloop
  endfacet
  facet normal 0.571407 0.809500 0.134922
    outer loop
      vertex 0.668277 0.715550 0.203456
      vertex 0.458993 0.885815 0.068242
      vertex 0.450442 0.869314 0.203456
    endloop
  endfacet
  facet normal 0.331818 0.933645 0.134922
    outer loop
      vertex 0.450442 0.869314 0.203456
      vertex 0.458993 0.885815 0.068242
      vertex 0.202982 0.976802 0.068242
    endloop
  endfacet
  facet normal 0.331818 0.933645 0.134922
    outer loop
      vertex 0.450442 0.869314 0.203456
      vertex 0.202982 0.976802 0.068242
      vertex 0.199201 0.958606 0.203456
    endloop
  endfacet
  facet normal 0.067618 0.988546 0.134922
    outer loop
      vertex 0.199201 0.958606 0.203456
      vertex 0.202982 0.976802 0.068242
      vertex -0.068083 0.995343 0.068242
    endloop
  endfacet
  facet normal 0.067618 0.988546 0.134922
    outer loop
      vertex 0.199201 0.958606 0.203456
      vertex -0.068083 0.995343 0.068242
      vertex -0.066815 0.976802 0.203456
    endloop
  endfacet
  facet normal -0.201596 0.970132 0.134922
    outer loop
      vertex -0.066815 0.976802 0.203456
      vertex -0.068083 0.995343 0.068242
      vertex -0.334099 0.940064 0.068242
    endloop
  endfacet
  facet normal -0.201596 0.970132 0.134922
    outer loop
      vertex -0.066815 0.976802 0.203456
      vertex -0.334099 0.940064 0.068242
      vertex -0.327875 0.922553 0.203456
    endloop
  endfacet
  facet normal -0.455858 0.879767 0.134922
    outer loop
      vertex -0.327875 0.922553 0.203456
      vertex -0.334099 0.940064 0.068242
      vertex -0.575336 0.815065 0.068242
    endloop
  endfacet
  facet normal -0.455858 0.879767 0.134922
    outer loop
      vertex -0.327875 0.922553 0.203456
      vertex -0.575336 0.815065 0.068242
      vertex -0.564619 0.799882 0.203456
    endloop
  endfacet
  facet normal -0.676312 0.724153 0.134922
    outer loop
      vertex -0.564619 0.799882 0.203456
      vertex -0.575336 0.815065 0.068242
      vertex -0.773903 0.629617 0.068242
    endloop
  endfacet
  facet normal -0.676312 0.724153 0.134922
    outer loop
      vertex -0.564619 0.799882 0.203456
      vertex -0.773903 0.629617 0.068242
      vertex -0.759487 0.617888 0.203456
    endloop
  endfacet
  facet normal -0.846607 0.514833 0.134922
    outer loop
      vertex -0.759487 0.617888 0.203456
      vertex -0.773903 0.629617 0.068242
      vertex -0.915073 0.397472 0.068242
    endloop
  endfacet
  facet normal -0.846607 0.514833 0.134922
    outer loop
      vertex -0.759487 0.617888 0.203456
      vertex -0.915073 0.397472 0.068242
      vertex -0.898027 0.390068 0.203456
    endloop
  endfacet
  facet normal -0.954113 0.267330 0.134922
    outer loop
      vertex -0.898027 0.390068 0.203456
      vertex -0.915073 0.397472 0.068242
      vertex -0.988376 0.135849 0.068242
    endloop
  endfacet
  facet normal -0.954113 0.267330 0.134922
    outer loop
      vertex -0.898027 0.390068 0.203456
      vertex -0.988376 0.135849 0.068242
      vertex -0.969965 0.133319 0.203456
    endloop
  endfacet
  facet normal -0.990856 0.000000 0.134922
    outer loop
      vertex -0.969965 0.133319 0.203456
      vertex -0.988376 0.135849 0.068242
      vertex -0.988376 -0.135849 0.068242
    endloop
  endfacet
  facet normal -0.990856 0.000000 0.134922
    outer loop
      vertex -0.969965 0.133319 0.203456
      vertex -0.988376 -0.135849 0.068242
      vertex -0.969965 -0.133319 0.203456
    endloop
  endfacet
  facet normal -0.954113 -0.267330 0.134922
    outer loop
      vertex -0.969965 -0.133319 0.203456
      vertex -0.988376 -0.135849 0.068242
      vertex -0.915073 -0.397472 0.068242
    endloop
  endfacet
  facet normal -0.954113 -0.267330 0.134922
    outer loop
      vertex -0.969965 -0.133319 0.203456
      vertex -0.915073 -0.397472 0.068242
      vertex -0.898027 -0.390068 0.203456
    endloop
  endfacet
  facet normal -0.846607 -0.514833 0.134922
    outer loop
      vertex -0.898027 -0.390068 0.203456
      vertex -0.915073 -0.397472 0.068242
      vertex -0.773903 -0.629617 0.068242
    endloop
  endfacet
  facet normal -0.846607 -0.514833 0.134922
    outer loop
      vertex -0.898027 -0.390068 0.203456
      vertex -0.773903 -0.629617 0.068242
      vertex -0.759487 -0.617888 0.203456
    endloop
  endfacet
  facet normal -0.676312 -0.724153 0.134922
    outer loop
      vertex -0.759487 -0.617888 0.203456
      vertex -0.773903 -0.629617 0.068242
      vertex -0.575336 -0.815065 0.068242
    endloop
  endfacet
  facet normal -0.676312 -0.724153 0.134922
    outer loop
      vertex -0.759487 -0.617888 0.203456
      vertex -0.575336 -0.815065 0.068242
      vertex -0.564619 -0.799882 0.203456
    endloop
  endfacet
  facet normal -0.455858 -0.879767 0.134922
    outer loop
      vertex -0.564619 -0.799882 0.203456
      vertex -0.575336 -0.815065 0.068242
      vertex -0.334099 -0.940064 0.068242
    endloop
  endfacet
  facet normal -0.455858 -0.879767 0.134922
    outer loop
      vertex -0.564619 -0.799882 0.203456
      vertex -0.334099 -0.940064 0.068242
      vertex -0.327875 -0.922553 0.203456
    endloop
  endfacet
  facet normal -0.201596 -0.970132 0.134922
    outer loop
      vertex -0.327875 -0.922553 0.203456
      vertex -0.334099 -0.940064 0.068242
      vertex -0.068083 -0.995343 0.068242
    endloop
  endfacet
  facet normal -0.201596 -0.970132 0.134922
    outer loop
      vertex -0.327875 -0.922553 0.203456
      vertex -0.068083 -0.995343 0.068242
      vertex -0.066815 -0.976802 0.203456
    endloop
  endfacet
  facet normal 0.067618 -0.988546 0.134922
    outer loop
      vertex -0.066815 -0.976802 0.203456
      vertex -0.068083 -0.995343 0.068242
      vertex 0.202982 -0.976802 0.068242
    endloop
  endfacet
  facet normal 0.067618 -0.988546 0.134922
    outer loop
      vertex -0.066815 -0.976802 0.203456
      vertex 0.202982 -0.976802 0.068242
      vertex 0.199201 -0.958606 0.203456
    endloop
  endfacet
  facet normal 0.331818 -0.933645 0.134922
    outer loop
      vertex 0.199201 -0.958606 0.203456
      vertex 0.202982 -0.976802 0.068242
      vertex 0.458993 -0.885815 0.068242
    endloop
  endfacet
  facet normal 0.331818 -0.933645 0.134922
    outer loop
      vertex 0.199201 -0.958606 0.203456
      vertex 0.458993 -0.885815 0.068242
      vertex 0.450442 -0.869314 0.203456
    endloop
  endfacet
  facet normal 0.571407 -0.809500 0.134922
    outer loop
      vertex 0.450442 -0.869314 0.203456
      vertex 0.458993 -0.885815 0.068242
      vertex 0.680962 -0.729132 0.068242
    endloop
  endfacet
  facet normal 0.571407 -0.809500 0.134922
    outer loop
      vertex 0.450442 -0.869314 0.203456
      vertex 0.680962 -0.729132 0.068242
      vertex 0.668277 -0.715550 0.203456
    endloop
  endfacet
  facet normal 0.768618 -0.625317 0.134922
    outer loop
      vertex 0.668277 -0.715550 0.203456
      vertex 0.680962 -0.729132 0.068242
      vertex 0.852428 -0.518373 0.068242
    endloop
  endfacet
  facet normal 0.768618 -0.625317 0.134922
    outer loop
      vertex 0.668277 -0.715550 0.203456
      vertex 0.852428 -0.518373 0.068242
      vertex 0.836548 -0.508716 0.203456
    endloop
  endfacet
  facet normal 0.908825 -0.394758 0.134922
    outer loop
      vertex 0.836548 -0.508716 0.203456
      vertex 0.852428 -0.518373 0.068242
      vertex 0.960673 -0.269168 0.068242
    endloop
  endfacet
  facet normal 0.908825 -0.394758 0.134922
    outer loop
      vertex 0.836548 -0.508716 0.203456
      vertex 0.960673 -0.269168 0.068242
      vertex 0.942777 -0.264154 0.203456
    endloop
  endfacet
  facet normal 0.981627 -0.134922 0.134922
    outer loop
      vertex 0.942777 -0.264154 0.203456
      vertex 0.960673 -0.269168 0.068242
      vertex 0.997669 -0.000000 0.068242
    endloop
  endfacet
  facet normal 0.981627 -0.134922 0.134922
    outer loop
      vertex 0.942777 -0.264154 0.203456
      vertex 0.997669 -0.000000 0.068242
      vertex 0.979084 -0.000000 0.203456
    endloop
  endfacet
  facet normal 0.990686 0.136167 0.000000
    outer loop
      vertex 0.997669 0.000000 0.068242
      vertex 0.997669 0.000000 -0.068242
      vertex 0.960673 0.269168 -0.068242
    endloop
  endfacet
  facet normal 0.990686 0.136167 0.000000
    outer loop
      vertex 0.997669 0.000000 0.068242
      vertex 0.960673 0.269168 -0.068242
      vertex 0.960673 0.269168 0.068242
    endloop
  endfacet
  facet normal 0.917211 0.398401 0.000000
    outer loop
      vertex 0.960673 0.269168 0.068242
      vertex 0.960673 0.269168 -0.068242
      vertex 0.852428 0.518373 -0.068242
    endloop
  endfacet
  facet normal 0.917211 0.398401 0.000000
    outer loop
      vertex 0.960673 0.269168 0.068242
      vertex 0.852428 0.518373 -0.068242
      vertex 0.852428 0.518373 0.068242
    endloop
  endfacet
  facet normal 0.775711 0.631088 0.000000
    outer loop
      vertex 0.852428 0.518373 0.068242
      vertex 0.852428 0.518373 -0.068242
      vertex 0.680962 0.729132 -0.068242
    endloop
  endfacet
  facet normal 0.775711 0.631088 0.000000
    outer loop
      vertex 0.852428 0.518373 0.068242
      vertex 0.680962 0.729132 -0.068242
      vertex 0.680962 0.729132 0.068242
    endloop
  endfacet
  facet normal 0.576680 0.816970 0.000000
    outer loop
      vertex 0.680962 0.729132 0.068242
      vertex 0.680962 0.729132 -0.068242
      vertex 0.458993 0.885815 -0.068242
    endloop
  endfacet
  facet normal 0.576680 0.816970 0.000000
    outer loop
      vertex 0.680962 0.729132 0.068242
      vertex 0.458993 0.885815 -0.068242
      vertex 0.458993 0.885815 0.068242
    endloop
  endfacet
  facet normal 0.334880 0.942261 0.000000
    outer loop
      vertex 0.458993 0.885815 0.068242
      vertex 0.458993 0.885815 -0.068242
      vertex 0.202982 0.976802 -0.068242
    endloop
  endfacet
  facet normal 0.334880 0.942261 0.000000
    outer loop
      vertex 0.458993 0.885815 0.068242
      vertex 0.202982 0.976802 -0.068242
      vertex 0.202982 0.976802 0.068242
    endloop
  endfacet
  facet normal 0.068242 0.997669 0.000000
    outer loop
      vertex 0.202982 0.976802 0.068242
      vertex 0.202982 0.976802 -0.068242
      vertex -0.068083 0.995343 -0.068242
    endloop
  endfacet
  facet normal 0.068242 0.997669 0.000000
    outer loop
      vertex 0.202982 0.976802 0.068242
      vertex -0.068083 0.995343 -0.068242
      vertex -0.068083 0.995343 0.068242
    endloop
  endfacet
  facet normal -0.203456 0.979084 0.000000
    outer loop
      vertex -0.068083 0.995343 0.068242
      vertex -0.068083 0.995343 -0.068242
      vertex -0.334099 0.940064 -0.068242
    endloop
  endfacet
  facet normal -0.203456 0.979084 0.000000
    outer loop
      vertex -0.068083 0.995343 0.068242
      vertex -0.334099 0.940064 -0.068242
      vertex -0.334099 0.940064 0.068242
    endloop
  endfacet
  facet normal -0.460065 0.887885 0.000000
    outer loop
      vertex -0.334099 0.940064 0.068242
      vertex -0.334099 0.940064 -0.068242
      vertex -0.575336 0.815065 -0.068242
    endloop
  endfacet
  facet normal -0.460065 0.887885 0.000000
    outer loop
      vertex -0.334099 0.940064 0.068242
      vertex -0.575336 0.815065 -0.068242
      vertex -0.575336 0.815065 0.068242
    endloop
  endfacet
  facet normal -0.682553 0.730836 0.000000
    outer loop
      vertex -0.575336 0.815065 0.068242
      vertex -0.575336 0.815065 -0.068242
      vertex -0.773903 0.629617 -0.068242
    endloop
  endfacet
  facet normal -0.682553 0.730836 0.000000
    outer loop
      vertex -0.575336 0.815065 0.068242
      vertex -0.773903 0.629617 -0.068242
      vertex -0.773903 0.629617 0.068242
    endloop
  endfacet
  facet normal -0.854419 0.519584 0.000000
    outer loop
      vertex -0.773903 0.629617 0.068242
      vertex -0.773903 0.629617 -0.068242
      vertex -0.915073 0.397472 -0.068242
    endloop
  endfacet
  facet normal -0.854419 0.519584 0.000000
    outer loop
      vertex -0.773903 0.629617 0.068242
      vertex -0.915073 0.397472 -0.068242
      vertex -0.915073 0.397472 0.068242
    endloop
  endfacet
  facet normal -0.962917 0.269797 0.000000
    outer loop
      vertex -0.915073 0.397472 0.068242
      vertex -0.915073 0.397472 -0.068242
      vertex -0.988376 0.135849 -0.068242
    endloop
  endfacet
  facet normal -0.962917 0.269797 0.000000
    outer loop
      vertex -0.915073 0.397472 0.068242
      vertex -0.988376 0.135849 -0.068242
      vertex -0.988376 0.135849 0.068242
    endloop
  endfacet
  facet normal -1.000000 0.000000 0.000000
    outer loop
      vertex -0.988376 0.135849 0.068242
      vertex -0.988376 0.135849 -0.068242
      vertex -0.988376 -0.135849 -0.068242
    endloop
  endfacet
  facet normal -1.000000 0.000000 0.000000
    outer loop
      vertex -0.988376 0.135849 0.068242
      vertex -0.988376 -0.135849 -0.068242
      vertex -0.988376 -0.135849 0.068242
    endloop
  endfacet
  facet normal -0.962917 -0.269797 -0.000000
    outer loop
      vertex -0.988376 -0.135849 0.068242
      vertex -0.988376 -0.135849 -0.068242
      vertex -0.915073 -0.397472 -0.068242
    endloop
  endfacet
  facet normal -0.962917 -0.269797 0.000000
    outer loop
      vertex -0.988376 -0.135849 0.068242
      vertex -0.915073 -0.397472 -0.068242
      vertex -0.915073 -0.397472 0.068242
    endloop
  endfacet
  facet normal -0.854419 -0.519584 -0.000000
    outer loop
      vertex -0.915073 -0.397472 0.068242
      vertex -0.915073 -0.397472 -0.068242
      vertex -0.773903 -0.629617 -0.068242
    endloop
  endfacet
  facet normal -0.854419 -0.519584 0.000000
    outer loop
      vertex -0.915073 -0.397472 0.068242
      vertex -0.773903 -0.629617 -0.068242
      vertex -0.773903 -0.629617 0.068242
    endloop
  endfacet
  facet normal -0.682553 -0.730836 -0.000000
    outer loop
      vertex -0.773903 -0.629617 0.068242
      vertex -0.773903 -0.629617 -0.068242
      vertex -0.575336 -0.815065 -0.068242
    endloop
  endfacet
  facet normal -0.682553 -0.730836 0.000000
    outer loop
      vertex -0.773903 -0.629617 0.068242
      vertex -0.575336 -0.815065 -0.068242
      vertex -0.575336 -0.815065 0.068242
    endloop
  endfacet
  facet normal -0.460065 -0.887885 -0.000000
    outer loop
      vertex -0.575336 -0.815065 0.068242
      vertex -0.575336 -0.815065 -0.068242
      vertex -0.334099 -0.940064 -0.068242
    endloop
  endfacet
  facet normal -0.460065 -0.887885 0.000000
    outer loop
      vertex -0.575336 -0.815065 0.068242
      vertex -0.334099 -0.940064 -0.068242
      vertex -0.334099 -0.940064 0.068242
    endloop
  endfacet
  facet normal -0.203456 -0.979084 -0.000000
    outer loop
      vertex -0.334099 -0.940064 0.068242
      vertex -0.334099 -0.940064 -0.068242
      vertex -0.068083 -0.995343 -0.068242
    endloop
  endfacet
  facet normal -0.203456 -0.979084 0.000000
    outer loop
      vertex -0.334099 -0.940064 0.068242
      vertex -0.068083 -0.995343 -0.068242
      vertex -0.068083 -0.995343 0.068242
    endloop
  endfacet
  facet normal 0.068242 -0.997669 0.000000
    outer loop
      vertex -0.068083 -0.995343 0.068242
      vertex -0.068083 -0.995343 -0.068242
      vertex 0.202982 -0.976802 -0.068242
    endloop
  endfacet
  facet normal 0.068242 -0.997669 0.000000
    outer loop
      vertex -0.068083 -0.995343 0.068242
      vertex 0.202982 -0.976802 -0.068242
      vertex 0.202982 -0.976802 0.068242
    endloop
  endfacet
  facet normal 0.334880 -0.942261 0.000000
    outer loop
      vertex 0.202982 -0.976802 0.068242
      vertex 0.202982 -0.976802 -0.068242
      vertex 0.458993 -0.885815 -0.068242
    endloop
  endfacet
  facet normal 0.334880 -0.942261 0.000000
    outer loop
      vertex 0.202982 -0.976802 0.068242
      vertex 0.458993 -0.885815 -0.068242
      vertex 0.458993 -0.885815 0.068242
    endloop
  endfacet
  facet normal 0.576680 -0.816970 0.000000
    outer loop
      vertex 0.458993 -0.885815 0.068242
      vertex 0.458993 -0.885815 -0.068242
      vertex 0.680962 -0.729132 -0.068242
    endloop
  endfacet
  facet normal 0.576680 -0.816970 0.000000
    outer loop
      vertex 0.458993 -0.885815 0.068242
      vertex 0.680962 -0.729132 -0.068242
      vertex 0.680962 -0.729132 0.068242
    endloop
  endfacet
  facet normal 0.775711 -0.631088 0.000000
    outer loop
      vertex 0.680962 -0.729132 0.068242
      vertex 0.680962 -0.729132 -0.068242
      vertex 0.852428 -0.518373 -0.068242
    endloop
  endfacet
  facet normal 0.775711 -0.631088 0.000000
    outer loop
      vertex 0.680962 -0.729132 0.068242
      vertex 0.852428 -0.518373 -0.068242
      vertex 0.852428 -0.518373 0.068242
    endloop
  endfacet
  facet normal 0.917211 -0.398401 0.000000
    outer loop
      vertex 0.852428 -0.518373 0.068242
      vertex 0.852428 -0.518373 -0.068242
      vertex 0.960673 -0.269168 -0.068242
    endloop
  endfacet
  facet normal 0.917211 -0.398401 0.000000
    outer loop
      vertex 0.852428 -0.518373 0.068242
      vertex 0.960673 -0.269168 -0.068242
      vertex 0.960673 -0.269168 0.068242
    endloop
  endfacet
  facet normal 0.990686 -0.136167 0.000000
    outer loop
      vertex 0.960673 -0.269168 0.068242
      vertex 0.960673 -0.269168 -0.068242
      vertex 0.997669 -0.000000 -0.068242
    endloop
  endfacet
  facet normal 0.990686 -0.136167 0.000000
    outer loop
      vertex 0.960673 -0.269168 0.068242
      vertex 0.997669 -0.000000 -0.068242
      vertex 0.997669 -0.000000 0.068242
    endloop
  endfacet
  facet normal 0.981627 0.134922 -0.134922
    outer loop
      vertex 0.997669 0.000000 -0.068242
      vertex 0.979084 0.000000 -0.203456
      vertex 0.942777 0.264154 -0.203456
    endloop
  endfacet
  facet normal 0.981627 0.134922 -0.134922
    outer loop
      vertex 0.997669 0.000000 -0.068242
      vertex 0.942777 0.264154 -0.203456
      vertex 0.960673 0.269168 -0.068242
    endloop
  endfacet
  facet normal 0.908825 0.394758 -0.134922
    outer loop
      vertex 0.960673 0.269168 -0.068242
      vertex 0.942777 0.264154 -0.203456
      vertex 0.836548 0.508716 -0.203456
    endloop
  endfacet
  facet normal 0.908825 0.394758 -0.134922
    outer loop
      vertex 0.960673 0.269168 -0.068242
      vertex 0.836548 0.508716 -0.203456
      vertex 0.852428 0.518373 -0.068242
    endloop
  endfacet
  facet normal 0.768618 0.625317 -0.134922
    outer loop
      vertex 0.852428 0.518373 -0.068242
      vertex 0.836548 0.508716 -0.203456
      vertex 0.668277 0.715550 -0.203456
    endloop
  endfacet
  facet normal 0.768618 0.625317 -0.134922
    outer loop
      vertex 0.852428 0.518373 -0.068242
      vertex 0.668277 0.715550 -0.203456
      vertex 0.680962 0.729132 -0.068242
    endloop
  endfacet
  facet normal 0.571407 0.809500 -0.134922
    outer loop
      vertex 0.680962 0.729132 -0.068242
      vertex 0.668277 0.715550 -0.203456
      vertex 0.450442 0.869314 -0.203456
    endloop
  endfacet
  facet normal 0.571407 0.809500 -0.134922
    outer loop
      vertex 0.680962 0.729132 -0.068242
      vertex 0.450442 0.869314 -0.203456
      vertex 0.458993 0.885815 -0.068242
    endloop
  endfacet
  facet normal 0.331818 0.933645 -0.134922
    outer loop
      vertex 0.458993 0.885815 -0.068242
      vertex 0.450442 0.869314 -0.203456
      vertex 0.199201 0.958606 -0.203456
    endloop
  endfacet
  facet normal 0.331818 0.933645 -0.134922
    outer loop
      vertex 0.458993 0.885815 -0.068242
      vertex 0.199201 0.958606 -0.203456
      vertex 0.202982 0.976802 -0.068242
    endloop
  endfacet
  facet normal 0.067618 0.988546 -0.134922
    outer loop
      vertex 0.202982 0.976802 -0.068242
      vertex 0.199201 0.958606 -0.203456
      vertex -0.066815 0.976802 -0.203456
    endloop
  endfacet
  facet normal 0.067618 0.988546 -0.134922
    outer loop
      vertex 0.202982 0.976802 -0.068242
      vertex -0.066815 0.976802 -0.203456
      vertex -0.068083 0.995343 -0.068242
    endloop
  endfacet
  facet normal -0.201596 0.970132 -0.134922
    outer loop
      vertex -0.068083 0.995343 -0.068242
      vertex -0.066815 0.976802 -0.203456
      vertex -0.327875 0.922553 -0.203456
    endloop
  endfacet
  facet normal -0.201596 0.970132 -0.134922
    outer loop
      vertex -0.068083 0.995343 -0.068242
      vertex -0.327875 0.922553 -0.203456
      vertex -0.334099 0.940064 -0.068242
    endloop
  endfacet
  facet normal -0.455858 0.879767 -0.134922
    outer loop
      vertex -0.334099 0.940064 -0.068242
      vertex -0.327875 0.922553 -0.203456
      vertex -0.564619 0.799882 -0.203456
    endloop
  endfacet
  facet normal -0.455858 0.879767 -0.134922
    outer loop
      vertex -0.334099 0.940064 -0.068242
      vertex -0.564619 0.799882 -0.203456
      vertex -0.575336 0.815065 -0.068242
    endloop
  endfacet
  facet normal -0.676312 0.724153 -0.134922
    outer loop
      vertex -0.575336 0.815065 -0.068242
      vertex -0.564619 0.799882 -0.203456
      vertex -0.759487 0.617888 -0.203456
    endloop
  endfacet
  facet normal -0.676312 0.724153 -0.134922
    outer loop
      vertex -0.575336 0.815065 -0.068242
      vertex -0.759487 0.617888 -0.203456
      vertex -0.773903 0.629617 -0.068242
    endloop
  endfacet
  facet normal -0.846607 0.514833 -0.134922
    outer loop
      vertex -0.773903 0.629617 -0.068242
      vertex -0.759487 0.617888 -0.203456
      vertex -0.898027 0.390068 -0.203456
    endloop
  endfacet
  facet normal -0.846607 0.514833 -0.134922
    outer loop
      vertex -0.773903 0.629617 -0.068242
      vertex -0.898027 0.390068 -0.203456
      vertex -0.915073 0.397472 -0.068242
    endloop
  endfacet
  facet normal -0.954113 0.267330 -0.134922
    outer loop
      vertex -0.915073 0.397472 -0.068242
      vertex -0.898027 0.390068 -0.203456
      vertex -0.969965 0.133319 -0.203456
    endloop
  endfacet
  facet normal -0.954113 0.267330 -0.134922
    outer loop
      vertex -0.915073 0.397472 -0.068242
      vertex -0.969965 0.133319 -0.203456
      vertex -0.988376 0.135849 -0.068242
    endloop
  endfacet
  facet normal -0.990856 0.000000 -0.134922
    outer loop
      vertex -0.988376 0.135849 -0.068242
      vertex -0.969965 0.133319 -0.203456
      vertex -0.969965 -0.133319 -0.203456
    endloop
  endfacet
  facet normal -0.990856 0.000000 -0.134922
    outer loop
      vertex -0.988376 0.135849 -0.068242
      vertex -0.969965 -0.133319 -0.203456
      vertex -0.988376 -0.135849 -0.068242
    endloop
  endfacet
  facet normal -0.954113 -0.267330 -0.134922
    outer loop
      vertex -0.988376 -0.135849 -0.068242
      vertex -0.969965 -0.133319 -0.203456
      vertex -0.898027 -0.390068 -0.203456
    endloop
  endfacet
  facet normal -0.954113 -0.267330 -0.134922
    outer loop
      vertex -0.988376 -0.135849 -0.068242
      vertex -0.898027 -0.390068 -0.203456
      vertex -0.915073 -0.397472 -0.068242
    endloop
  endfacet
  facet normal -0.846607 -0.514833 -0.134922
    outer loop
      vertex -0.915073 -0.397472 -0.068242
      vertex -0.898027 -0.390068 -0.203456
      vertex -0.759487 -0.617888 -0.203456
    endloop
  endfacet
  facet normal -0.846607 -0.514833 -0.134922
    outer loop
      vertex -0.915073 -0.397472 -0.068242
      vertex -0.759487 -0.617888 -0.203456
      vertex -0.773903 -0.629617 -0.068242
    endloop
  endfacet
  facet normal -0.676312 -0.724153 -0.134922
    outer loop
      vertex -0.773903 -0.629617 -0.068242
      vertex -0.759487 -0.617888 -0.203456
      vertex -0.564619 -0.799882 -0.203456
    endloop
  endfacet
  facet normal -0.676312 -0.724153 -0.134922
    outer loop
      vertex -0.773903 -0.629617 -0.068242
      vertex -0.564619 -0.799882 -0.203456
      vertex -0.575336 -0.815065 -0.068242
    endloop
  endfacet
  facet normal -0.455858 -0.879767 -0.134922
    outer loop
      vertex -0.575336 -0.815065 -0.068242
      vertex -0.564619 -0.799882 -0.203456
      vertex -0.327875 -0.922553 -0.203456
    endloop
  endfacet
  facet normal -0.455858 -0.879767 -0.134922
    outer loop
      vertex -0.575336 -0.815065 -0.068242
      vertex -0.327875 -0.922553 -0.203456
      vertex -0.334099 -0.940064 -0.068242
    endloop
  endfacet
  facet normal -0.201596 -0.970132 -0.134922
    outer loop
      vertex -0.334099 -0.940064 -0.068242
      vertex -0.327875 -0.922553 -0.203456
      vertex -0.066815 -0.976802 -0.203456
    endloop
  endfacet
  facet normal -0.201596 -0.970132 -0.134922
    outer loop
      vertex -0.334099 -0.940064 -0.068242
      vertex -0.066815 -0.976802 -0.203456
      vertex -0.068083 -0.995343 -0.068242
    endloop
  endfacet
  facet normal 0.067618 -0.988546 -0.134922
    outer loop
      vertex -0.068083 -0.995343 -0.068242
      vertex -0.066815 -0.976802 -0.203456
      vertex 0.199201 -0.958606 -0.203456
    endloop
  endfacet
  facet normal 0.067618 -0.988546 -0.134922
    outer loop
      vertex -0.068083 -0.995343 -0.068242
      vertex 0.199201 -0.958606 -0.203456
      vertex 0.202982 -0.976802 -0.068242
    endloop
  endfacet
  facet normal 0.331818 -0.933645 -0.134922
    outer loop
      vertex 0.202982 -0.976802 -0.068242
      vertex 0.199201 -0.958606 -0.203456
      vertex 0.450442 -0.869314 -0.203456
    endloop
  endfacet
  facet normal 0.331818 -0.933645 -0.134922
    outer loop
      vertex 0.202982 -0.976802 -0.068242
      vertex 0.450442 -0.869314 -0.203456
      vertex 0.458993 -0.885815 -0.068242
    endloop
  endfacet
  facet normal 0.571407 -0.809500 -0.134922
    outer loop
      vertex 0.458993 -0.885815 -0.068242
      vertex 0.450442 -0.869314 -0.203456
      vertex 0.668277 -0.715550 -0.203456
    endloop
  endfacet
  facet normal 0.571407 -0.809500 -0.134922
    outer loop
      vertex 0.458993 -0.885815 -0.068242
      vertex 0.668277 -0.715550 -0.203456
      vertex 0.680962 -0.729132 -0.068242
    endloop
  endfacet
  facet normal 0.768618 -0.625317 -0.134922
    outer loop
      vertex 0.680962 -0.729132 -0.068242
      vertex 0.668277 -0.715550 -0.203456
      vertex 0.836548 -0.508716 -0.203456
    endloop
  endfacet
  facet normal 0.768618 -0.625317 -0.134922
    outer loop
      vertex 0.680962 -0.729132 -0.068242
      vertex 0.836548 -0.508716 -0.203456
      vertex 0.852428 -0.518373 -0.068242
    endloop
  endfacet
  facet normal 0.908825 -0.394758 -0.134922
    outer loop
      vertex 0.852428 -0.518373 -0.068242
      vertex 0.836548 -0.508716 -0.203456
      vertex 0.942777 -0.264154 -0.203456
    endloop
  endfacet
  facet normal 0.908825 -0.394758 -0.134922
    outer loop
      vertex 0.852428 -0.518373 -0.068242
      vertex 0.942777 -0.264154 -0.203456
      vertex 0.960673 -0.269168 -0.068242
    endloop
  endfacet
  facet normal 0.981627 -0.134922 -0.134922
    outer loop
      vertex 0.960673 -0.269168 -0.068242
      vertex 0.942777 -0.264154 -0.203456
      vertex 0.979084 -0.000000 -0.203456
    endloop
  endfacet
  facet normal 0.981627 -0.134922 -0.134922
    outer loop
      vertex 0.960673 -0.269168 -0.068242
      vertex 0.979084 -0.000000 -0.203456
      vertex 0.997669 -0.000000 -0.068242
    endloop
  endfacet
  facet normal 0.954593 0.131206 -0.267464
    outer loop
      vertex 0.979084 0.000000 -0.203456
      vertex 0.942261 0.000000 -0.334880
      vertex 0.907319 0.254219 -0.334880
    endloop
  endfacet
  facet normal 0.954593 0.131206 -0.267464
    outer loop
      vertex 0.979084 0.000000 -0.203456
      vertex 0.907319 0.254219 -0.334880
      vertex 0.942777 0.264154 -0.203456
    endloop
  endfacet
  facet normal 0.883795 0.383886 -0.267464
    outer loop
      vertex 0.942777 0.264154 -0.203456
      vertex 0.907319 0.254219 -0.334880
      vertex 0.805086 0.489584 -0.334880
    endloop
  endfacet
  facet normal 0.883795 0.383886 -0.267464
    outer loop
      vertex 0.942777 0.264154 -0.203456
      vertex 0.805086 0.489584 -0.334880
      vertex 0.836548 0.508716 -0.203456
    endloop
  endfacet
  facet normal 0.747450 0.608096 -0.267464
    outer loop
      vertex 0.836548 0.508716 -0.203456
      vertex 0.805086 0.489584 -0.334880
      vertex 0.643143 0.688638 -0.334880
    endloop
  endfacet
  facet normal 0.747450 0.608096 -0.267464
    outer loop
      vertex 0.836548 0.508716 -0.203456
      vertex 0.643143 0.688638 -0.334880
      vertex 0.668277 0.715550 -0.203456
    endloop
  endfacet
  facet normal 0.555671 0.787206 -0.267464
    outer loop
      vertex 0.668277 0.715550 -0.203456
      vertex 0.643143 0.688638 -0.334880
      vertex 0.433501 0.836620 -0.334880
    endloop
  endfacet
  facet normal 0.555671 0.787206 -0.267464
    outer loop
      vertex 0.668277 0.715550 -0.203456
      vertex 0.433501 0.836620 -0.334880
      vertex 0.450442 0.869314 -0.203456
    endloop
  endfacet
  facet normal 0.322679 0.907932 -0.267464
    outer loop
      vertex 0.450442 0.869314 -0.203456
      vertex 0.433501 0.836620 -0.334880
      vertex 0.191709 0.922553 -0.334880
    endloop
  endfacet
  facet normal 0.322679 0.907932 -0.267464
    outer loop
      vertex 0.450442 0.869314 -0.203456
      vertex 0.191709 0.922553 -0.334880
      vertex 0.199201 0.958606 -0.203456
    endloop
  endfacet
  facet normal 0.065756 0.961321 -0.267464
    outer loop
      vertex 0.199201 0.958606 -0.203456
      vertex 0.191709 0.922553 -0.334880
      vertex -0.064302 0.940064 -0.334880
    endloop
  endfacet
  facet normal 0.065756 0.961321 -0.267464
    outer loop
      vertex 0.199201 0.958606 -0.203456
      vertex -0.064302 0.940064 -0.334880
      vertex -0.066815 0.976802 -0.203456
    endloop
  endfacet
  facet normal -0.196044 0.943414 -0.267464
    outer loop
      vertex -0.066815 0.976802 -0.203456
      vertex -0.064302 0.940064 -0.334880
      vertex -0.315544 0.887856 -0.334880
    endloop
  endfacet
  facet normal -0.196044 0.943414 -0.267464
    outer loop
      vertex -0.066815 0.976802 -0.203456
      vertex -0.315544 0.887856 -0.334880
      vertex -0.327875 0.922553 -0.203456
    endloop
  endfacet
  facet normal -0.443304 0.855538 -0.267464
    outer loop
      vertex -0.327875 0.922553 -0.203456
      vertex -0.315544 0.887856 -0.334880
      vertex -0.543383 0.769799 -0.334880
    endloop
  endfacet
  facet normal -0.443304 0.855538 -0.267464
    outer loop
      vertex -0.327875 0.922553 -0.203456
      vertex -0.543383 0.769799 -0.334880
      vertex -0.564619 0.799882 -0.203456
    endloop
  endfacet
  facet normal -0.657686 0.704210 -0.267464
    outer loop
      vertex -0.564619 0.799882 -0.203456
      vertex -0.543383 0.769799 -0.334880
      vertex -0.730922 0.594650 -0.334880
    endloop
  endfacet
  facet normal -0.657686 0.704210 -0.267464
    outer loop
      vertex -0.564619 0.799882 -0.203456
      vertex -0.730922 0.594650 -0.334880
      vertex -0.759487 0.617888 -0.203456
    endloop
  endfacet
  facet normal -0.823291 0.500654 -0.267464
    outer loop
      vertex -0.759487 0.617888 -0.203456
      vertex -0.730922 0.594650 -0.334880
      vertex -0.864252 0.375398 -0.334880
    endloop
  endfacet
  facet normal -0.823291 0.500654 -0.267464
    outer loop
      vertex -0.759487 0.617888 -0.203456
      vertex -0.864252 0.375398 -0.334880
      vertex -0.898027 0.390068 -0.203456
    endloop
  endfacet
  facet normal -0.927836 0.259967 -0.267464
    outer loop
      vertex -0.898027 0.390068 -0.203456
      vertex -0.864252 0.375398 -0.334880
      vertex -0.933485 0.128305 -0.334880
    endloop
  endfacet
  facet normal -0.927836 0.259967 -0.267464
    outer loop
      vertex -0.898027 0.390068 -0.203456
      vertex -0.933485 0.128305 -0.334880
      vertex -0.969965 0.133319 -0.203456
    endloop
  endfacet
  facet normal -0.963568 0.000000 -0.267464
    outer loop
      vertex -0.969965 0.133319 -0.203456
      vertex -0.933485 0.128305 -0.334880
      vertex -0.933485 -0.128305 -0.334880
    endloop
  endfacet
  facet normal -0.963568 0.000000 -0.267464
    outer loop
      vertex -0.969965 0.133319 -0.203456
      vertex -0.933485 -0.128305 -0.334880
      vertex -0.969965 -0.133319 -0.203456
    endloop
  endfacet
  facet normal -0.927836 -0.259967 -0.267464
    outer loop
      vertex -0.969965 -0.133319 -0.203456
      vertex -0.933485 -0.128305 -0.334880
      vertex -0.864252 -0.375398 -0.334880
    endloop
  endfacet
  facet normal -0.927836 -0.259967 -0.267464
    outer loop
      vertex -0.969965 -0.133319 -0.203456
      vertex -0.864252 -0.375398 -0.334880
      vertex -0.898027 -0.390068 -0.203456
    endloop
  endfacet
  facet normal -0.823291 -0.500654 -0.267464
    outer loop
      vertex -0.898027 -0.390068 -0.203456
      vertex -0.864252 -0.375398 -0.334880
      vertex -0.730922 -0.594650 -0.334880
    endloop
  endfacet
  facet normal -0.823291 -0.500654 -0.267464
    outer loop
      vertex -0.898027 -0.390068 -0.203456
      vertex -0.730922 -0.594650 -0.334880
      vertex -0.759487 -0.617888 -0.203456
    endloop
  endfacet
  facet normal -0.657686 -0.704210 -0.267464
    outer loop
      vertex -0.759487 -0.617888 -0.203456
      vertex -0.730922 -0.594650 -0.334880
      vertex -0.543383 -0.769799 -0.334880
    endloop
  endfacet
  facet normal -0.657686 -0.704210 -0.267464
    outer loop
      vertex -0.759487 -0.617888 -0.203456
      vertex -0.543383 -0.769799 -0.334880
      vertex -0.564619 -0.799882 -0.203456
    endloop
  endfacet
  facet normal -0.443304 -0.855538 -0.267464
    outer loop
      vertex -0.564619 -0.799882 -0.203456
      vertex -0.543383 -0.769799 -0.334880
      vertex -0.315544 -0.887856 -0.334880
    endloop
  endfacet
  facet normal -0.443304 -0.855538 -0.267464
    outer loop
      vertex -0.564619 -0.799882 -0.203456
      vertex -0.315544 -0.887856 -0.334880
      vertex -0.327875 -0.922553 -0.203456
    endloop
  endfacet
  facet normal -0.196044 -0.943414 -0.267464
    outer loop
      vertex -0.327875 -0.922553 -0.203456
      vertex -0.315544 -0.887856 -0.334880
      vertex -0.064302 -0.940064 -0.334880
    endloop
  endfacet
  facet normal -0.196044 -0.943414 -0.267464
    outer loop
      vertex -0.327875 -0.922553 -0.203456
      vertex -0.064302 -0.940064 -0.334880
      vertex -0.066815 -0.976802 -0.203456
    endloop
  endfacet
  facet normal 0.065756 -0.961321 -0.267464
    outer loop
      vertex -0.066815 -0.976802 -0.203456
      vertex -0.064302 -0.940064 -0.334880
      vertex 0.191709 -0.922553 -0.334880
    endloop
  endfacet
  facet normal 0.065756 -0.961321 -0.267464
    outer loop
      vertex -0.066815 -0.976802 -0.203456
      vertex 0.191709 -0.922553 -0.334880
      vertex 0.199201 -0.958606 -0.203456
    endloop
  endfacet
  facet normal 0.322679 -0.907932 -0.267464
    outer loop
      vertex 0.199201 -0.958606 -0.203456
      vertex 0.191709 -0.922553 -0.334880
      vertex 0.433501 -0.836620 -0.334880
    endloop
  endfacet
  facet normal 0.322679 -0.907932 -0.267464
    outer loop
      vertex 0.199201 -0.958606 -0.203456
      vertex 0.433501 -0.836620 -0.334880
      vertex 0.450442 -0.869314 -0.203456
    endloop
  endfacet
  facet normal 0.555671 -0.787206 -0.267464
    outer loop
      vertex 0.450442 -0.869314 -0.203456
      vertex 0.433501 -0.836620 -0.334880
      vertex 0.643143 -0.688638 -0.334880
    endloop
  endfacet
  facet normal 0.555671 -0.787206 -0.267464
    outer loop
      vertex 0.450442 -0.869314 -0.203456
      vertex 0.643143 -0.688638 -0.334880
      vertex 0.668277 -0.715550 -0.203456
    endloop
  endfacet
  facet normal 0.747450 -0.608096 -0.267464
    outer loop
      vertex 0.668277 -0.715550 -0.203456
      vertex 0.643143 -0.688638 -0.334880
      vertex 0.805086 -0.489584 -0.334880
    endloop
  endfacet
  facet normal 0.747450 -0.608096 -0.267464
    outer loop
      vertex 0.668277 -0.715550 -0.203456
      vertex 0.805086 -0.489584 -0.334880
      vertex 0.836548 -0.508716 -0.203456
    endloop
  endfacet
  facet normal 0.883795 -0.383886 -0.267464
    outer loop
      vertex 0.836548 -0.508716 -0.203456
      vertex 0.805086 -0.489584 -0.334880
      vertex 0.907319 -0.254219 -0.334880
    endloop
  endfacet
  facet normal 0.883795 -0.383886 -0.267464
    outer loop
      vertex 0.836548 -0.508716 -0.203456
      vertex 0.907319 -0.254219 -0.334880
      vertex 0.942777 -0.264154 -0.203456
    endloop
  endfacet
  facet normal 0.954593 -0.131206 -0.267464
    outer loop
      vertex 0.942777 -0.264154 -0.203456
      vertex 0.907319 -0.254219 -0.334880
      vertex 0.942261 -0.000000 -0.334880
    endloop
  endfacet
  facet normal 0.954593 -0.131206 -0.267464
    outer loop
      vertex 0.942777 -0.264154 -0.203456
      vertex 0.942261 -0.000000 -0.334880
      vertex 0.979084 -0.000000 -0.203456
    endloop
  endfacet
  facet normal 0.910008 0.125078 -0.395272
    outer loop
      vertex 0.942261 0.000000 -0.334880
      vertex 0.887885 0.000000 -0.460065
      vertex 0.854960 0.239549 -0.460065
    endloop
  endfacet
  facet normal 0.910008 0.125078 -0.395272
    outer loop
      vertex 0.942261 0.000000 -0.334880
      vertex 0.854960 0.239549 -0.460065
      vertex 0.907319 0.254219 -0.334880
    endloop
  endfacet
  facet normal 0.842517 0.365957 -0.395272
    outer loop
      vertex 0.907319 0.254219 -0.334880
      vertex 0.854960 0.239549 -0.460065
      vertex 0.758626 0.461331 -0.460065
    endloop
  endfacet
  facet normal 0.842517 0.365957 -0.395272
    outer loop
      vertex 0.907319 0.254219 -0.334880
      vertex 0.758626 0.461331 -0.460065
      vertex 0.805086 0.489584 -0.334880
    endloop
  endfacet
  facet normal 0.712540 0.579695 -0.395272
    outer loop
      vertex 0.805086 0.489584 -0.334880
      vertex 0.758626 0.461331 -0.460065
      vertex 0.606029 0.648898 -0.460065
    endloop
  endfacet
  facet normal 0.712540 0.579695 -0.395272
    outer loop
      vertex 0.805086 0.489584 -0.334880
      vertex 0.606029 0.648898 -0.460065
      vertex 0.643143 0.688638 -0.334880
    endloop
  endfacet
  facet normal 0.529718 0.750439 -0.395272
    outer loop
      vertex 0.643143 0.688638 -0.334880
      vertex 0.606029 0.648898 -0.460065
      vertex 0.408485 0.788340 -0.460065
    endloop
  endfacet
  facet normal 0.529718 0.750439 -0.395272
    outer loop
      vertex 0.643143 0.688638 -0.334880
      vertex 0.408485 0.788340 -0.460065
      vertex 0.433501 0.836620 -0.334880
    endloop
  endfacet
  facet normal 0.307608 0.865527 -0.395272
    outer loop
      vertex 0.433501 0.836620 -0.334880
      vertex 0.408485 0.788340 -0.460065
      vertex 0.180646 0.869314 -0.460065
    endloop
  endfacet
  facet normal 0.307608 0.865527 -0.395272
    outer loop
      vertex 0.433501 0.836620 -0.334880
      vertex 0.180646 0.869314 -0.460065
      vertex 0.191709 0.922553 -0.334880
    endloop
  endfacet
  facet normal 0.062685 0.916423 -0.395272
    outer loop
      vertex 0.191709 0.922553 -0.334880
      vertex 0.180646 0.869314 -0.460065
      vertex -0.060591 0.885815 -0.460065
    endloop
  endfacet
  facet normal 0.062685 0.916423 -0.395272
    outer loop
      vertex 0.191709 0.922553 -0.334880
      vertex -0.060591 0.885815 -0.460065
      vertex -0.064302 0.940064 -0.334880
    endloop
  endfacet
  facet normal -0.186887 0.899351 -0.395272
    outer loop
      vertex -0.064302 0.940064 -0.334880
      vertex -0.060591 0.885815 -0.460065
      vertex -0.297335 0.836620 -0.460065
    endloop
  endfacet
  facet normal -0.186887 0.899351 -0.395272
    outer loop
      vertex -0.064302 0.940064 -0.334880
      vertex -0.297335 0.836620 -0.460065
      vertex -0.315544 0.887856 -0.334880
    endloop
  endfacet
  facet normal -0.422599 0.815579 -0.395272
    outer loop
      vertex -0.315544 0.887856 -0.334880
      vertex -0.297335 0.836620 -0.460065
      vertex -0.512026 0.725375 -0.460065
    endloop
  endfacet
  facet normal -0.422599 0.815579 -0.395272
    outer loop
      vertex -0.315544 0.887856 -0.334880
      vertex -0.512026 0.725375 -0.460065
      vertex -0.543383 0.769799 -0.334880
    endloop
  endfacet
  facet normal -0.626969 0.671320 -0.395272
    outer loop
      vertex -0.543383 0.769799 -0.334880
      vertex -0.512026 0.725375 -0.460065
      vertex -0.688743 0.560334 -0.460065
    endloop
  endfacet
  facet normal -0.626969 0.671320 -0.395272
    outer loop
      vertex -0.543383 0.769799 -0.334880
      vertex -0.688743 0.560334 -0.460065
      vertex -0.730922 0.594650 -0.334880
    endloop
  endfacet
  facet normal -0.784839 0.477271 -0.395272
    outer loop
      vertex -0.730922 0.594650 -0.334880
      vertex -0.688743 0.560334 -0.460065
      vertex -0.814378 0.353734 -0.460065
    endloop
  endfacet
  facet normal -0.784839 0.477271 -0.395272
    outer loop
      vertex -0.730922 0.594650 -0.334880
      vertex -0.814378 0.353734 -0.460065
      vertex -0.864252 0.375398 -0.334880
    endloop
  endfacet
  facet normal -0.884501 0.247826 -0.395272
    outer loop
      vertex -0.864252 0.375398 -0.334880
      vertex -0.814378 0.353734 -0.460065
      vertex -0.879615 0.120900 -0.460065
    endloop
  endfacet
  facet normal -0.884501 0.247826 -0.395272
    outer loop
      vertex -0.864252 0.375398 -0.334880
      vertex -0.879615 0.120900 -0.460065
      vertex -0.933485 0.128305 -0.334880
    endloop
  endfacet
  facet normal -0.918564 0.000000 -0.395272
    outer loop
      vertex -0.933485 0.128305 -0.334880
      vertex -0.879615 0.120900 -0.460065
      vertex -0.879615 -0.120900 -0.460065
    endloop
  endfacet
  facet normal -0.918564 0.000000 -0.395272
    outer loop
      vertex -0.933485 0.128305 -0.334880
      vertex -0.879615 -0.120900 -0.460065
      vertex -0.933485 -0.128305 -0.334880
    endloop
  endfacet
  facet normal -0.884501 -0.247826 -0.395272
    outer loop
      vertex -0.933485 -0.128305 -0.334880
      vertex -0.879615 -0.120900 -0.460065
      vertex -0.814378 -0.353734 -0.460065
    endloop
  endfacet
  facet normal -0.884501 -0.247826 -0.395272
    outer loop
      vertex -0.933485 -0.128305 -0.334880
      vertex -0.814378 -0.353734 -0.460065
      vertex -0.864252 -0.375398 -0.334880
    endloop
  endfacet
  facet normal -0.784839 -0.477271 -0.395272
    outer loop
      vertex -0.864252 -0.375398 -0.334880
      vertex -0.814378 -0.353734 -0.460065
      vertex -0.688743 -0.560334 -0.460065
    endloop
  endfacet
  facet normal -0.784839 -0.477271 -0.395272
    outer loop
      vertex -0.864252 -0.375398 -0.334880
      vertex -0.688743 -0.560334 -0.460065
      vertex -0.730922 -0.594650 -0.334880
    endloop
  endfacet
  facet normal -0.626969 -0.671320 -0.395272
    outer loop
      vertex -0.730922 -0.594650 -0.334880
      vertex -0.688743 -0.560334 -0.460065
      vertex -0.512026 -0.725375 -0.460065
    endloop
  endfacet
  facet normal -0.626969 -0.671320 -0.395272
    outer loop
      vertex -0.730922 -0.594650 -0.334880
      vertex -0.512026 -0.725375 -0.460065
      vertex -0.543383 -0.769799 -0.334880
    endloop
  endfacet
  facet normal -0.422599 -0.815579 -0.395272
    outer loop
      vertex -0.543383 -0.769799 -0.334880
      vertex -0.512026 -0.725375 -0.460065
      vertex -0.297335 -0.836620 -0.460065
    endloop
  endfacet
  facet normal -0.422599 -0.815579 -0.395272
    outer loop
      vertex -0.543383 -0.769799 -0.334880
      vertex -0.297335 -0.836620 -0.460065
      vertex -0.315544 -0.887856 -0.334880
    endloop
  endfacet
  facet normal -0.186887 -0.899351 -0.395272
    outer loop
      vertex -0.315544 -0.887856 -0.334880
      vertex -0.297335 -0.836620 -0.460065
      vertex -0.060591 -0.885815 -0.460065
    endloop
  endfacet
  facet normal -0.186887 -0.899351 -0.395272
    outer loop
      vertex -0.315544 -0.887856 -0.334880
      vertex -0.060591 -0.885815 -0.460065
      vertex -0.064302 -0.940064 -0.334880
    endloop
  endfacet
  facet normal 0.062685 -0.916423 -0.395272
    outer loop
      vertex -0.064302 -0.940064 -0.334880
      vertex -0.060591 -0.885815 -0.460065
      vertex 0.180646 -0.869314 -0.460065
    endloop
  endfacet
  facet normal 0.062685 -0.916423 -0.395272
    outer loop
      vertex -0.064302 -0.940064 -0.334880
      vertex 0.180646 -0.869314 -0.460065
      vertex 0.191709 -0.922553 -0.334880
    endloop
  endfacet
  facet normal 0.307608 -0.865527 -0.395272
    outer loop
      vertex 0.191709 -0.922553 -0.334880
      vertex 0.180646 -0.869314 -0.460065
      vertex 0.408485 -0.788340 -0.460065
    endloop
  endfacet
  facet normal 0.307608 -0.865527 -0.395272
    outer loop
      vertex 0.191709 -0.922553 -0.334880
      vertex 0.408485 -0.788340 -0.460065
      vertex 0.433501 -0.836620 -0.334880
    endloop
  endfacet
  facet normal 0.529718 -0.750439 -0.395272
    outer loop
      vertex 0.433501 -0.836620 -0.334880
      vertex 0.408485 -0.788340 -0.460065
      vertex 0.606029 -0.648898 -0.460065
    endloop
  endfacet
  facet normal 0.529718 -0.750439 -0.395272
    outer loop
      vertex 0.433501 -0.836620 -0.334880
      vertex 0.606029 -0.648898 -0.460065
      vertex 0.643143 -0.688638 -0.334880
    endloop
  endfacet
  facet normal 0.712540 -0.579695 -0.395272
    outer loop
      vertex 0.643143 -0.688638 -0.334880
      vertex 0.606029 -0.648898 -0.460065
      vertex 0.758626 -0.461331 -0.460065
    endloop
  endfacet
  facet normal 0.712540 -0.579695 -0.395272
    outer loop
      vertex 0.643143 -0.688638 -0.334880
      vertex 0.758626 -0.461331 -0.460065
      vertex 0.805086 -0.489584 -0.334880
    endloop
  endfacet
  facet normal 0.842517 -0.365957 -0.395272
    outer loop
      vertex 0.805086 -0.489584 -0.334880
      vertex 0.758626 -0.461331 -0.460065
      vertex 0.854960 -0.239549 -0.460065
    endloop
  endfacet
  facet normal 0.842517 -0.365957 -0.395272
    outer loop
      vertex 0.805086 -0.489584 -0.334880
      vertex 0.854960 -0.239549 -0.460065
      vertex 0.907319 -0.254219 -0.334880
    endloop
  endfacet
  facet normal 0.910008 -0.125078 -0.395272
    outer loop
      vertex 0.907319 -0.254219 -0.334880
      vertex 0.854960 -0.239549 -0.460065
      vertex 0.887885 -0.000000 -0.460065
    endloop
  endfacet
  facet normal 0.910008 -0.125078 -0.395272
    outer loop
      vertex 0.907319 -0.254219 -0.334880
      vertex 0.887885 -0.000000 -0.460065
      vertex 0.942261 -0.000000 -0.334880
    endloop
  endfacet
  facet normal 0.848588 0.116636 -0.516038
    outer loop
      vertex 0.887885 0.000000 -0.460065
      vertex 0.816970 0.000000 -0.576680
      vertex 0.786674 0.220416 -0.576680
    endloop
  endfacet
  facet normal 0.848588 0.116636 -0.516038
    outer loop
      vertex 0.887885 0.000000 -0.460065
      vertex 0.786674 0.220416 -0.576680
      vertex 0.854960 0.239549 -0.460065
    endloop
  endfacet
  facet normal 0.785652 0.341257 -0.516038
    outer loop
      vertex 0.854960 0.239549 -0.460065
      vertex 0.786674 0.220416 -0.576680
      vertex 0.698035 0.424484 -0.576680
    endloop
  endfacet
  facet normal 0.785652 0.341257 -0.516038
    outer loop
      vertex 0.854960 0.239549 -0.460065
      vertex 0.698035 0.424484 -0.576680
      vertex 0.758626 0.461331 -0.460065
    endloop
  endfacet
  facet normal 0.664448 0.540568 -0.516038
    outer loop
      vertex 0.758626 0.461331 -0.460065
      vertex 0.698035 0.424484 -0.576680
      vertex 0.557625 0.597071 -0.576680
    endloop
  endfacet
  facet normal 0.664448 0.540568 -0.516038
    outer loop
      vertex 0.758626 0.461331 -0.460065
      vertex 0.557625 0.597071 -0.576680
      vertex 0.606029 0.648898 -0.460065
    endloop
  endfacet
  facet normal 0.493965 0.699789 -0.516038
    outer loop
      vertex 0.606029 0.648898 -0.460065
      vertex 0.557625 0.597071 -0.576680
      vertex 0.375859 0.725375 -0.576680
    endloop
  endfacet
  facet normal 0.493965 0.699789 -0.516038
    outer loop
      vertex 0.606029 0.648898 -0.460065
      vertex 0.375859 0.725375 -0.576680
      vertex 0.408485 0.788340 -0.460065
    endloop
  endfacet
  facet normal 0.286846 0.807109 -0.516038
    outer loop
      vertex 0.408485 0.788340 -0.460065
      vertex 0.375859 0.725375 -0.576680
      vertex 0.166217 0.799882 -0.576680
    endloop
  endfacet
  facet normal 0.286846 0.807109 -0.516038
    outer loop
      vertex 0.408485 0.788340 -0.460065
      vertex 0.166217 0.799882 -0.576680
      vertex 0.180646 0.869314 -0.460065
    endloop
  endfacet
  facet normal 0.058454 0.854569 -0.516038
    outer loop
      vertex 0.180646 0.869314 -0.460065
      vertex 0.166217 0.799882 -0.576680
      vertex -0.055752 0.815065 -0.576680
    endloop
  endfacet
  facet normal 0.058454 0.854569 -0.516038
    outer loop
      vertex 0.180646 0.869314 -0.460065
      vertex -0.055752 0.815065 -0.576680
      vertex -0.060591 0.885815 -0.460065
    endloop
  endfacet
  facet normal -0.174273 0.838650 -0.516038
    outer loop
      vertex -0.060591 0.885815 -0.460065
      vertex -0.055752 0.815065 -0.576680
      vertex -0.273587 0.769799 -0.576680
    endloop
  endfacet
  facet normal -0.174273 0.838650 -0.516038
    outer loop
      vertex -0.060591 0.885815 -0.460065
      vertex -0.273587 0.769799 -0.576680
      vertex -0.297335 0.836620 -0.460065
    endloop
  endfacet
  facet normal -0.394076 0.760532 -0.516038
    outer loop
      vertex -0.297335 0.836620 -0.460065
      vertex -0.273587 0.769799 -0.576680
      vertex -0.471130 0.667440 -0.576680
    endloop
  endfacet
  facet normal -0.394076 0.760532 -0.516038
    outer loop
      vertex -0.297335 0.836620 -0.460065
      vertex -0.471130 0.667440 -0.576680
      vertex -0.512026 0.725375 -0.460065
    endloop
  endfacet
  facet normal -0.584652 0.626009 -0.516038
    outer loop
      vertex -0.512026 0.725375 -0.460065
      vertex -0.471130 0.667440 -0.576680
      vertex -0.633733 0.515580 -0.576680
    endloop
  endfacet
  facet normal -0.584652 0.626009 -0.516038
    outer loop
      vertex -0.512026 0.725375 -0.460065
      vertex -0.633733 0.515580 -0.576680
      vertex -0.688743 0.560334 -0.460065
    endloop
  endfacet
  facet normal -0.731867 0.445058 -0.516038
    outer loop
      vertex -0.688743 0.560334 -0.460065
      vertex -0.633733 0.515580 -0.576680
      vertex -0.749334 0.325482 -0.576680
    endloop
  endfacet
  facet normal -0.731867 0.445058 -0.516038
    outer loop
      vertex -0.688743 0.560334 -0.460065
      vertex -0.749334 0.325482 -0.576680
      vertex -0.814378 0.353734 -0.460065
    endloop
  endfacet
  facet normal -0.824802 0.231099 -0.516038
    outer loop
      vertex -0.814378 0.353734 -0.460065
      vertex -0.749334 0.325482 -0.576680
      vertex -0.809361 0.111244 -0.576680
    endloop
  endfacet
  facet normal -0.824802 0.231099 -0.516038
    outer loop
      vertex -0.814378 0.353734 -0.460065
      vertex -0.809361 0.111244 -0.576680
      vertex -0.879615 0.120900 -0.460065
    endloop
  endfacet
  facet normal -0.856566 0.000000 -0.516038
    outer loop
      vertex -0.879615 0.120900 -0.460065
      vertex -0.809361 0.111244 -0.576680
      vertex -0.809361 -0.111244 -0.576680
    endloop
  endfacet
  facet normal -0.856566 -0.000000 -0.516038
    outer loop
      vertex -0.879615 0.120900 -0.460065
      vertex -0.809361 -0.111244 -0.576680
      vertex -0.879615 -0.120900 -0.460065
    endloop
  endfacet
  facet normal -0.824802 -0.231099 -0.516038
    outer loop
      vertex -0.879615 -0.120900 -0.460065
      vertex -0.809361 -0.111244 -0.576680
      vertex -0.749334 -0.325482 -0.576680
    endloop
  endfacet
  facet normal -0.824802 -0.231099 -0.516038
    outer loop
      vertex -0.879615 -0.120900 -0.460065
      vertex -0.749334 -0.325482 -0.576680
      vertex -0.814378 -0.353734 -0.460065
    endloop
  endfacet
  facet normal -0.731867 -0.445058 -0.516038
    outer loop
      vertex -0.814378 -0.353734 -0.460065
      vertex -0.749334 -0.325482 -0.576680
      vertex -0.633733 -0.515580 -0.576680
    endloop
  endfacet
  facet normal -0.731867 -0.445058 -0.516038
    outer loop
      vertex -0.814378 -0.353734 -0.460065
      vertex -0.633733 -0.515580 -0.576680
      vertex -0.688743 -0.560334 -0.460065
    endloop
  endfacet
  facet normal -0.584652 -0.626009 -0.516038
    outer loop
      vertex -0.688743 -0.560334 -0.460065
      vertex -0.633733 -0.515580 -0.576680
      vertex -0.471130 -0.667440 -0.576680
    endloop
  endfacet
  facet normal -0.584652 -0.626009 -0.516038
    outer loop
      vertex -0.688743 -0.560334 -0.460065
      vertex -0.471130 -0.667440 -0.576680
      vertex -0.512026 -0.725375 -0.460065
    endloop
  endfacet
  facet normal -0.394076 -0.760532 -0.516038
    outer loop
      vertex -0.512026 -0.725375 -0.460065
      vertex -0.471130 -0.667440 -0.576680
      vertex -0.273587 -0.769799 -0.576680
    endloop
  endfacet
  facet normal -0.394076 -0.760532 -0.516038
    outer loop
      vertex -0.512026 -0.725375 -0.460065
      vertex -0.273587 -0.769799 -0.576680
      vertex -0.297335 -0.836620 -0.460065
    endloop
  endfacet
  facet normal -0.174273 -0.838650 -0.516038
    outer loop
      vertex -0.297335 -0.836620 -0.460065
      vertex -0.273587 -0.769799 -0.576680
      vertex -0.055752 -0.815065 -0.576680
    endloop
  endfacet
  facet normal -0.174273 -0.838650 -0.516038
    outer loop
      vertex -0.297335 -0.836620 -0.460065
      vertex -0.055752 -0.815065 -0.576680
      vertex -0.060591 -0.885815 -0.460065
    endloop
  endfacet
  facet normal 0.058454 -0.854569 -0.516038
    outer loop
      vertex -0.060591 -0.885815 -0.460065
      vertex -0.055752 -0.815065 -0.576680
      vertex 0.166217 -0.799882 -0.576680
    endloop
  endfacet
  facet normal 0.058454 -0.854569 -0.516038
    outer loop
      vertex -0.060591 -0.885815 -0.460065
      vertex 0.166217 -0.799882 -0.576680
      vertex 0.180646 -0.869314 -0.460065
    endloop
  endfacet
  facet normal 0.286846 -0.807109 -0.516038
    outer loop
      vertex 0.180646 -0.869314 -0.460065
      vertex 0.166217 -0.799882 -0.576680
      vertex 0.375859 -0.725375 -0.576680
    endloop
  endfacet
  facet normal 0.286846 -0.807109 -0.516038
    outer loop
      vertex 0.180646 -0.869314 -0.460065
      vertex 0.375859 -0.725375 -0.576680
      vertex 0.408485 -0.788340 -0.460065
    endloop
  endfacet
  facet normal 0.493965 -0.699789 -0.516038
    outer loop
      vertex 0.408485 -0.788340 -0.460065
      vertex 0.375859 -0.725375 -0.576680
      vertex 0.557625 -0.597071 -0.576680
    endloop
  endfacet
  facet normal 0.493965 -0.699789 -0.516038
    outer loop
      vertex 0.408485 -0.788340 -0.460065
      vertex 0.557625 -0.597071 -0.576680
      vertex 0.606029 -0.648898 -0.460065
    endloop
  endfacet
  facet normal 0.664448 -0.540568 -0.516038
    outer loop
      vertex 0.606029 -0.648898 -0.460065
      vertex 0.557625 -0.597071 -0.576680
      vertex 0.698035 -0.424484 -0.576680
    endloop
  endfacet
  facet normal 0.664448 -0.540568 -0.516038
    outer loop
      vertex 0.606029 -0.648898 -0.460065
      vertex 0.698035 -0.424484 -0.576680
      vertex 0.758626 -0.461331 -0.460065
    endloop
  endfacet
  facet normal 0.785652 -0.341257 -0.516038
    outer loop
      vertex 0.758626 -0.461331 -0.460065
      vertex 0.698035 -0.424484 -0.576680
      vertex 0.786674 -0.220416 -0.576680
    endloop
  endfacet
  facet normal 0.785652 -0.341257 -0.516038
    outer loop
      vertex 0.758626 -0.461331 -0.460065
      vertex 0.786674 -0.220416 -0.576680
      vertex 0.854960 -0.239549 -0.460065
    endloop
  endfacet
  facet normal 0.848588 -0.116636 -0.516038
    outer loop
      vertex 0.854960 -0.239549 -0.460065
      vertex 0.786674 -0.220416 -0.576680
      vertex 0.816970 -0.000000 -0.576680
    endloop
  endfacet
  facet normal 0.848588 -0.116636 -0.516038
    outer loop
      vertex 0.854960 -0.239549 -0.460065
      vertex 0.816970 -0.000000 -0.576680
      vertex 0.887885 -0.000000 -0.460065
    endloop
  endfacet
  facet normal 0.771340 0.106018 -0.627531
    outer loop
      vertex 0.816970 0.000000 -0.576680
      vertex 0.730836 0.000000 -0.682553
      vertex 0.703735 0.197177 -0.682553
    endloop
  endfacet
  facet normal 0.771340 0.106018 -0.627531
    outer loop
      vertex 0.816970 0.000000 -0.576680
      vertex 0.703735 0.197177 -0.682553
      vertex 0.786674 0.220416 -0.576680
    endloop
  endfacet
  facet normal 0.714133 0.310192 -0.627531
    outer loop
      vertex 0.786674 0.220416 -0.576680
      vertex 0.703735 0.197177 -0.682553
      vertex 0.624440 0.379731 -0.682553
    endloop
  endfacet
  facet normal 0.714133 0.310192 -0.627531
    outer loop
      vertex 0.786674 0.220416 -0.576680
      vertex 0.624440 0.379731 -0.682553
      vertex 0.698035 0.424484 -0.576680
    endloop
  endfacet
  facet normal 0.603962 0.491360 -0.627531
    outer loop
      vertex 0.698035 0.424484 -0.576680
      vertex 0.624440 0.379731 -0.682553
      vertex 0.498834 0.534121 -0.682553
    endloop
  endfacet
  facet normal 0.603962 0.491360 -0.627531
    outer loop
      vertex 0.698035 0.424484 -0.576680
      vertex 0.498834 0.534121 -0.682553
      vertex 0.557625 0.597071 -0.576680
    endloop
  endfacet
  facet normal 0.448998 0.636086 -0.627531
    outer loop
      vertex 0.557625 0.597071 -0.576680
      vertex 0.498834 0.534121 -0.682553
      vertex 0.336232 0.648898 -0.682553
    endloop
  endfacet
  facet normal 0.448998 0.636086 -0.627531
    outer loop
      vertex 0.557625 0.597071 -0.576680
      vertex 0.336232 0.648898 -0.682553
      vertex 0.375859 0.725375 -0.576680
    endloop
  endfacet
  facet normal 0.260734 0.733636 -0.627531
    outer loop
      vertex 0.375859 0.725375 -0.576680
      vertex 0.336232 0.648898 -0.682553
      vertex 0.148693 0.715550 -0.682553
    endloop
  endfacet
  facet normal 0.260734 0.733636 -0.627531
    outer loop
      vertex 0.375859 0.725375 -0.576680
      vertex 0.148693 0.715550 -0.682553
      vertex 0.166217 0.799882 -0.576680
    endloop
  endfacet
  facet normal 0.053133 0.776776 -0.627531
    outer loop
      vertex 0.166217 0.799882 -0.576680
      vertex 0.148693 0.715550 -0.682553
      vertex -0.049874 0.729132 -0.682553
    endloop
  endfacet
  facet normal 0.053133 0.776776 -0.627531
    outer loop
      vertex 0.166217 0.799882 -0.576680
      vertex -0.049874 0.729132 -0.682553
      vertex -0.055752 0.815065 -0.576680
    endloop
  endfacet
  facet normal -0.158409 0.762306 -0.627531
    outer loop
      vertex -0.055752 0.815065 -0.576680
      vertex -0.049874 0.729132 -0.682553
      vertex -0.244742 0.688638 -0.682553
    endloop
  endfacet
  facet normal -0.158409 0.762306 -0.627531
    outer loop
      vertex -0.055752 0.815065 -0.576680
      vertex -0.244742 0.688638 -0.682553
      vertex -0.273587 0.769799 -0.576680
    endloop
  endfacet
  facet normal -0.358203 0.691300 -0.627531
    outer loop
      vertex -0.273587 0.769799 -0.576680
      vertex -0.244742 0.688638 -0.682553
      vertex -0.421459 0.597071 -0.682553
    endloop
  endfacet
  facet normal -0.358203 0.691300 -0.627531
    outer loop
      vertex -0.273587 0.769799 -0.576680
      vertex -0.421459 0.597071 -0.682553
      vertex -0.471130 0.667440 -0.576680
    endloop
  endfacet
  facet normal -0.531430 0.569023 -0.627531
    outer loop
      vertex -0.471130 0.667440 -0.576680
      vertex -0.421459 0.597071 -0.682553
      vertex -0.566918 0.461222 -0.682553
    endloop
  endfacet
  facet normal -0.531430 0.569023 -0.627531
    outer loop
      vertex -0.471130 0.667440 -0.576680
      vertex -0.566918 0.461222 -0.682553
      vertex -0.633733 0.515580 -0.576680
    endloop
  endfacet
  facet normal -0.665244 0.404544 -0.627531
    outer loop
      vertex -0.633733 0.515580 -0.576680
      vertex -0.566918 0.461222 -0.682553
      vertex -0.670331 0.291166 -0.682553
    endloop
  endfacet
  facet normal -0.665244 0.404544 -0.627531
    outer loop
      vertex -0.633733 0.515580 -0.576680
      vertex -0.670331 0.291166 -0.682553
      vertex -0.749334 0.325482 -0.576680
    endloop
  endfacet
  facet normal -0.749719 0.210061 -0.627531
    outer loop
      vertex -0.749334 0.325482 -0.576680
      vertex -0.670331 0.291166 -0.682553
      vertex -0.724029 0.099515 -0.682553
    endloop
  endfacet
  facet normal -0.749719 0.210061 -0.627531
    outer loop
      vertex -0.749334 0.325482 -0.576680
      vertex -0.724029 0.099515 -0.682553
      vertex -0.809361 0.111244 -0.576680
    endloop
  endfacet
  facet normal -0.778591 0.000000 -0.627531
    outer loop
      vertex -0.809361 0.111244 -0.576680
      vertex -0.724029 0.099515 -0.682553
      vertex -0.724029 -0.099515 -0.682553
    endloop
  endfacet
  facet normal -0.778591 0.000000 -0.627531
    outer loop
      vertex -0.809361 0.111244 -0.576680
      vertex -0.724029 -0.099515 -0.682553
      vertex -0.809361 -0.111244 -0.576680
    endloop
  endfacet
  facet normal -0.749719 -0.210061 -0.627531
    outer loop
      vertex -0.809361 -0.111244 -0.576680
      vertex -0.724029 -0.099515 -0.682553
      vertex -0.670331 -0.291166 -0.682553
    endloop
  endfacet
  facet normal -0.749719 -0.210061 -0.627531
    outer loop
      vertex -0.809361 -0.111244 -0.576680
      vertex -0.670331 -0.291166 -0.682553
      vertex -0.749334 -0.325482 -0.576680
    endloop
  endfacet
  facet normal -0.665244 -0.404544 -0.627531
    outer loop
      vertex -0.749334 -0.325482 -0.576680
      vertex -0.670331 -0.291166 -0.682553
      vertex -0.566918 -0.461222 -0.682553
    endloop
  endfacet
  facet normal -0.665244 -0.404544 -0.627531
    outer loop
      vertex -0.749334 -0.325482 -0.576680
      vertex -0.566918 -0.461222 -0.682553
      vertex -0.633733 -0.515580 -0.576680
    endloop
  endfacet
  facet normal -0.531430 -0.569023 -0.627531
    outer loop
      vertex -0.633733 -0.515580 -0.576680
      vertex -0.566918 -0.461222 -0.682553
      vertex -0.421459 -0.597071 -0.682553
    endloop
  endfacet
  facet normal -0.531430 -0.569023 -0.627531
    outer loop
      vertex -0.633733 -0.515580 -0.576680
      vertex -0.421459 -0.597071 -0.682553
      vertex -0.471130 -0.667440 -0.576680
    endloop
  endfacet
  facet normal -0.358203 -0.691300 -0.627531
    outer loop
      vertex -0.471130 -0.667440 -0.576680
      vertex -0.421459 -0.597071 -0.682553
      vertex -0.244742 -0.688638 -0.682553
    endloop
  endfacet
  facet normal -0.358203 -0.691300 -0.627531
    outer loop
      vertex -0.471130 -0.667440 -0.576680
      vertex -0.244742 -0.688638 -0.682553
      vertex -0.273587 -0.769799 -0.576680
    endloop
  endfacet
  facet normal -0.158409 -0.762306 -0.627531
    outer loop
      vertex -0.273587 -0.769799 -0.576680
      vertex -0.244742 -0.688638 -0.682553
      vertex -0.049874 -0.729132 -0.682553
    endloop
  endfacet
  facet normal -0.158409 -0.762306 -0.627531
    outer loop
      vertex -0.273587 -0.769799 -0.576680
      vertex -0.049874 -0.729132 -0.682553
      vertex -0.055752 -0.815065 -0.576680
    endloop
  endfacet
  facet normal 0.053133 -0.776776 -0.627531
    outer loop
      vertex -0.055752 -0.815065 -0.576680
      vertex -0.049874 -0.729132 -0.682553
      vertex 0.148693 -0.715550 -0.682553
    endloop
  endfacet
  facet normal 0.053133 -0.776776 -0.627531
    outer loop
      vertex -0.055752 -0.815065 -0.576680
      vertex 0.148693 -0.715550 -0.682553
      vertex 0.166217 -0.799882 -0.576680
    endloop
  endfacet
  facet normal 0.260734 -0.733636 -0.627531
    outer loop
      vertex 0.166217 -0.799882 -0.576680
      vertex 0.148693 -0.715550 -0.682553
      vertex 0.336232 -0.648898 -0.682553
    endloop
  endfacet
  facet normal 0.260734 -0.733636 -0.627531
    outer loop
      vertex 0.166217 -0.799882 -0.576680
      vertex 0.336232 -0.648898 -0.682553
      vertex 0.375859 -0.725375 -0.576680
    endloop
  endfacet
  facet normal 0.448998 -0.636086 -0.627531
    outer loop
      vertex 0.375859 -0.725375 -0.576680
      vertex 0.336232 -0.648898 -0.682553
      vertex 0.498834 -0.534121 -0.682553
    endloop
  endfacet
  facet normal 0.448998 -0.636086 -0.627531
    outer loop
      vertex 0.375859 -0.725375 -0.576680
      vertex 0.498834 -0.534121 -0.682553
      vertex 0.557625 -0.597071 -0.576680
    endloop
  endfacet
  facet normal 0.603962 -0.491360 -0.627531
    outer loop
      vertex 0.557625 -0.597071 -0.576680
      vertex 0.498834 -0.534121 -0.682553
      vertex 0.624440 -0.379731 -0.682553
    endloop
  endfacet
  facet normal 0.603962 -0.491360 -0.627531
    outer loop
      vertex 0.557625 -0.597071 -0.576680
      vertex 0.624440 -0.379731 -0.682553
      vertex 0.698035 -0.424484 -0.576680
    endloop
  endfacet
  facet normal 0.714133 -0.310192 -0.627531
    outer loop
      vertex 0.698035 -0.424484 -0.576680
      vertex 0.624440 -0.379731 -0.682553
      vertex 0.703735 -0.197177 -0.682553
    endloop
  endfacet
  facet normal 0.714133 -0.310192 -0.627531
    outer loop
      vertex 0.698035 -0.424484 -0.576680
      vertex 0.703735 -0.197177 -0.682553
      vertex 0.786674 -0.220416 -0.576680
    endloop
  endfacet
  facet normal 0.771340 -0.106018 -0.627531
    outer loop
      vertex 0.786674 -0.220416 -0.576680
      vertex 0.703735 -0.197177 -0.682553
      vertex 0.730836 -0.000000 -0.682553
    endloop
  endfacet
  facet normal 0.771340 -0.106018 -0.627531
    outer loop
      vertex 0.786674 -0.220416 -0.576680
      vertex 0.730836 -0.000000 -0.682553
      vertex 0.816970 -0.000000 -0.576680
    endloop
  endfacet
  facet normal 0.679569 0.093405 -0.727641
    outer loop
      vertex 0.730836 0.000000 -0.682553
      vertex 0.631088 0.000000 -0.775711
      vertex 0.607685 0.170265 -0.775711
    endloop
  endfacet
  facet normal 0.679569 0.093405 -0.727641
    outer loop
      vertex 0.730836 0.000000 -0.682553
      vertex 0.607685 0.170265 -0.775711
      vertex 0.703735 0.197177 -0.682553
    endloop
  endfacet
  facet normal 0.629169 0.273287 -0.727641
    outer loop
      vertex 0.703735 0.197177 -0.682553
      vertex 0.607685 0.170265 -0.775711
      vertex 0.539214 0.327903 -0.775711
    endloop
  endfacet
  facet normal 0.629169 0.273287 -0.727641
    outer loop
      vertex 0.703735 0.197177 -0.682553
      vertex 0.539214 0.327903 -0.775711
      vertex 0.624440 0.379731 -0.682553
    endloop
  endfacet
  facet normal 0.532106 0.432900 -0.727641
    outer loop
      vertex 0.624440 0.379731 -0.682553
      vertex 0.539214 0.327903 -0.775711
      vertex 0.430751 0.461222 -0.775711
    endloop
  endfacet
  facet normal 0.532106 0.432900 -0.727641
    outer loop
      vertex 0.624440 0.379731 -0.682553
      vertex 0.430751 0.461222 -0.775711
      vertex 0.498834 0.534121 -0.682553
    endloop
  endfacet
  facet normal 0.395579 0.560407 -0.727641
    outer loop
      vertex 0.498834 0.534121 -0.682553
      vertex 0.430751 0.461222 -0.775711
      vertex 0.290341 0.560334 -0.775711
    endloop
  endfacet
  facet normal 0.395579 0.560407 -0.727641
    outer loop
      vertex 0.498834 0.534121 -0.682553
      vertex 0.290341 0.560334 -0.775711
      vertex 0.336232 0.648898 -0.682553
    endloop
  endfacet
  facet normal 0.229713 0.646352 -0.727641
    outer loop
      vertex 0.336232 0.648898 -0.682553
      vertex 0.290341 0.560334 -0.775711
      vertex 0.128399 0.617888 -0.775711
    endloop
  endfacet
  facet normal 0.229713 0.646352 -0.727641
    outer loop
      vertex 0.336232 0.648898 -0.682553
      vertex 0.128399 0.617888 -0.775711
      vertex 0.148693 0.715550 -0.682553
    endloop
  endfacet
  facet normal 0.046811 0.684359 -0.727641
    outer loop
      vertex 0.148693 0.715550 -0.682553
      vertex 0.128399 0.617888 -0.775711
      vertex -0.043067 0.629617 -0.775711
    endloop
  endfacet
  facet normal 0.046811 0.684359 -0.727641
    outer loop
      vertex 0.148693 0.715550 -0.682553
      vertex -0.043067 0.629617 -0.775711
      vertex -0.049874 0.729132 -0.682553
    endloop
  endfacet
  facet normal -0.139562 0.671611 -0.727641
    outer loop
      vertex -0.049874 0.729132 -0.682553
      vertex -0.043067 0.629617 -0.775711
      vertex -0.211338 0.594650 -0.775711
    endloop
  endfacet
  facet normal -0.139562 0.671611 -0.727641
    outer loop
      vertex -0.049874 0.729132 -0.682553
      vertex -0.211338 0.594650 -0.775711
      vertex -0.244742 0.688638 -0.682553
    endloop
  endfacet
  facet normal -0.315585 0.609052 -0.727641
    outer loop
      vertex -0.244742 0.688638 -0.682553
      vertex -0.211338 0.594650 -0.775711
      vertex -0.363936 0.515580 -0.775711
    endloop
  endfacet
  facet normal -0.315585 0.609052 -0.727641
    outer loop
      vertex -0.244742 0.688638 -0.682553
      vertex -0.363936 0.515580 -0.775711
      vertex -0.421459 0.597071 -0.682553
    endloop
  endfacet
  facet normal -0.468203 0.501323 -0.727641
    outer loop
      vertex -0.421459 0.597071 -0.682553
      vertex -0.363936 0.515580 -0.775711
      vertex -0.489542 0.398272 -0.775711
    endloop
  endfacet
  facet normal -0.468203 0.501323 -0.727641
    outer loop
      vertex -0.421459 0.597071 -0.682553
      vertex -0.489542 0.398272 -0.775711
      vertex -0.566918 0.461222 -0.682553
    endloop
  endfacet
  facet normal -0.586096 0.356413 -0.727641
    outer loop
      vertex -0.566918 0.461222 -0.682553
      vertex -0.489542 0.398272 -0.775711
      vertex -0.578841 0.251426 -0.775711
    endloop
  endfacet
  facet normal -0.586096 0.356413 -0.727641
    outer loop
      vertex -0.566918 0.461222 -0.682553
      vertex -0.578841 0.251426 -0.775711
      vertex -0.670331 0.291166 -0.682553
    endloop
  endfacet
  facet normal -0.660521 0.185069 -0.727641
    outer loop
      vertex -0.670331 0.291166 -0.682553
      vertex -0.578841 0.251426 -0.775711
      vertex -0.625210 0.085933 -0.775711
    endloop
  endfacet
  facet normal -0.660521 0.185069 -0.727641
    outer loop
      vertex -0.670331 0.291166 -0.682553
      vertex -0.625210 0.085933 -0.775711
      vertex -0.724029 0.099515 -0.682553
    endloop
  endfacet
  facet normal -0.685958 0.000000 -0.727641
    outer loop
      vertex -0.724029 0.099515 -0.682553
      vertex -0.625210 0.085933 -0.775711
      vertex -0.625210 -0.085933 -0.775711
    endloop
  endfacet
  facet normal -0.685958 0.000000 -0.727641
    outer loop
      vertex -0.724029 0.099515 -0.682553
      vertex -0.625210 -0.085933 -0.775711
      vertex -0.724029 -0.099515 -0.682553
    endloop
  endfacet
  facet normal -0.660521 -0.185069 -0.727641
    outer loop
      vertex -0.724029 -0.099515 -0.682553
      vertex -0.625210 -0.085933 -0.775711
      vertex -0.578841 -0.251426 -0.775711
    endloop
  endfacet
  facet normal -0.660521 -0.185069 -0.727641
    outer loop
      vertex -0.724029 -0.099515 -0.682553
      vertex -0.578841 -0.251426 -0.775711
      vertex -0.670331 -0.291166 -0.682553
    endloop
  endfacet
  facet normal -0.586096 -0.356413 -0.727641
    outer loop
      vertex -0.670331 -0.291166 -0.682553
      vertex -0.578841 -0.251426 -0.775711
      vertex -0.489542 -0.398272 -0.775711
    endloop
  endfacet
  facet normal -0.586096 -0.356413 -0.727641
    outer loop
      vertex -0.670331 -0.291166 -0.682553
      vertex -0.489542 -0.398272 -0.775711
      vertex -0.566918 -0.461222 -0.682553
    endloop
  endfacet
  facet normal -0.468203 -0.501323 -0.727641
    outer loop
      vertex -0.566918 -0.461222 -0.682553
      vertex -0.489542 -0.398272 -0.775711
      vertex -0.363936 -0.515580 -0.775711
    endloop
  endfacet
  facet normal -0.468203 -0.501323 -0.727641
    outer loop
      vertex -0.566918 -0.461222 -0.682553
      vertex -0.363936 -0.515580 -0.775711
      vertex -0.421459 -0.597071 -0.682553
    endloop
  endfacet
  facet normal -0.315585 -0.609052 -0.727641
    outer loop
      vertex -0.421459 -0.597071 -0.682553
      vertex -0.363936 -0.515580 -0.775711
      vertex -0.211338 -0.594650 -0.775711
    endloop
  endfacet
  facet normal -0.315585 -0.609052 -0.727641
    outer loop
      vertex -0.421459 -0.597071 -0.682553
      vertex -0.211338 -0.594650 -0.775711
      vertex -0.244742 -0.688638 -0.682553
    endloop
  endfacet
  facet normal -0.139562 -0.671611 -0.727641
    outer loop
      vertex -0.244742 -0.688638 -0.682553
      vertex -0.211338 -0.594650 -0.775711
      vertex -0.043067 -0.629617 -0.775711
    endloop
  endfacet
  facet normal -0.139562 -0.671611 -0.727641
    outer loop
      vertex -0.244742 -0.688638 -0.682553
      vertex -0.043067 -0.629617 -0.775711
      vertex -0.049874 -0.729132 -0.682553
    endloop
  endfacet
  facet normal 0.046811 -0.684359 -0.727641
    outer loop
      vertex -0.049874 -0.729132 -0.682553
      vertex -0.043067 -0.629617 -0.775711
      vertex 0.128399 -0.617888 -0.775711
    endloop
  endfacet
  facet normal 0.046811 -0.684359 -0.727641
    outer loop
      vertex -0.049874 -0.729132 -0.682553
      vertex 0.128399 -0.617888 -0.775711
      vertex 0.148693 -0.715550 -0.682553
    endloop
  endfacet
  facet normal 0.229713 -0.646352 -0.727641
    outer loop
      vertex 0.148693 -0.715550 -0.682553
      vertex 0.128399 -0.617888 -0.775711
      vertex 0.290341 -0.560334 -0.775711
    endloop
  endfacet
  facet normal 0.229713 -0.646352 -0.727641
    outer loop
      vertex 0.148693 -0.715550 -0.682553
      vertex 0.290341 -0.560334 -0.775711
      vertex 0.336232 -0.648898 -0.682553
    endloop
  endfacet
  facet normal 0.395579 -0.560407 -0.727641
    outer loop
      vertex 0.336232 -0.648898 -0.682553
      vertex 0.290341 -0.560334 -0.775711
      vertex 0.430751 -0.461222 -0.775711
    endloop
  endfacet
  facet normal 0.395579 -0.560407 -0.727641
    outer loop
      vertex 0.336232 -0.648898 -0.682553
      vertex 0.430751 -0.461222 -0.775711
      vertex 0.498834 -0.534121 -0.682553
    endloop
  endfacet
  facet normal 0.532106 -0.432900 -0.727641
    outer loop
      vertex 0.498834 -0.534121 -0.682553
      vertex 0.430751 -0.461222 -0.775711
      vertex 0.539214 -0.327903 -0.775711
    endloop
  endfacet
  facet normal 0.532106 -0.432900 -0.727641
    outer loop
      vertex 0.498834 -0.534121 -0.682553
      vertex 0.539214 -0.327903 -0.775711
      vertex 0.624440 -0.379731 -0.682553
    endloop
  endfacet
  facet normal 0.629169 -0.273287 -0.727641
    outer loop
      vertex 0.624440 -0.379731 -0.682553
      vertex 0.539214 -0.327903 -0.775711
      vertex 0.607685 -0.170265 -0.775711
    endloop
  endfacet
  facet normal 0.629169 -0.273287 -0.727641
    outer loop
      vertex 0.624440 -0.379731 -0.682553
      vertex 0.607685 -0.170265 -0.775711
      vertex 0.703735 -0.197177 -0.682553
    endloop
  endfacet
  facet normal 0.679569 -0.093405 -0.727641
    outer loop
      vertex 0.703735 -0.197177 -0.682553
      vertex 0.607685 -0.170265 -0.775711
      vertex 0.631088 -0.000000 -0.775711
    endloop
  endfacet
  facet normal 0.679569 -0.093405 -0.727641
    outer loop
      vertex 0.703735 -0.197177 -0.682553
      vertex 0.631088 -0.000000 -0.775711
      vertex 0.730836 -0.000000 -0.682553
    endloop
  endfacet
  facet normal 0.574877 0.079015 -0.814416
    outer loop
      vertex 0.631088 0.000000 -0.775711
      vertex 0.519584 0.000000 -0.854419
      vertex 0.500316 0.140182 -0.854419
    endloop
  endfacet
  facet normal 0.574877 0.079015 -0.814416
    outer loop
      vertex 0.631088 0.000000 -0.775711
      vertex 0.500316 0.140182 -0.854419
      vertex 0.607685 0.170265 -0.775711
    endloop
  endfacet
  facet normal 0.532241 0.231185 -0.814416
    outer loop
      vertex 0.607685 0.170265 -0.775711
      vertex 0.500316 0.140182 -0.854419
      vertex 0.443943 0.269967 -0.854419
    endloop
  endfacet
  facet normal 0.532241 0.231185 -0.814416
    outer loop
      vertex 0.607685 0.170265 -0.775711
      vertex 0.443943 0.269967 -0.854419
      vertex 0.539214 0.327903 -0.775711
    endloop
  endfacet
  facet normal 0.450131 0.366209 -0.814416
    outer loop
      vertex 0.539214 0.327903 -0.775711
      vertex 0.443943 0.269967 -0.854419
      vertex 0.354644 0.379731 -0.854419
    endloop
  endfacet
  facet normal 0.450131 0.366209 -0.814416
    outer loop
      vertex 0.539214 0.327903 -0.775711
      vertex 0.354644 0.379731 -0.854419
      vertex 0.430751 0.461222 -0.775711
    endloop
  endfacet
  facet normal 0.334637 0.474073 -0.814416
    outer loop
      vertex 0.430751 0.461222 -0.775711
      vertex 0.354644 0.379731 -0.854419
      vertex 0.239042 0.461331 -0.854419
    endloop
  endfacet
  facet normal 0.334637 0.474073 -0.814416
    outer loop
      vertex 0.430751 0.461222 -0.775711
      vertex 0.239042 0.461331 -0.854419
      vertex 0.290341 0.560334 -0.775711
    endloop
  endfacet
  facet normal 0.194325 0.546777 -0.814416
    outer loop
      vertex 0.290341 0.560334 -0.775711
      vertex 0.239042 0.461331 -0.854419
      vertex 0.105712 0.508716 -0.854419
    endloop
  endfacet
  facet normal 0.194325 0.546777 -0.814416
    outer loop
      vertex 0.290341 0.560334 -0.775711
      vertex 0.105712 0.508716 -0.854419
      vertex 0.128399 0.617888 -0.775711
    endloop
  endfacet
  facet normal 0.039600 0.578929 -0.814416
    outer loop
      vertex 0.128399 0.617888 -0.775711
      vertex 0.105712 0.508716 -0.854419
      vertex -0.035458 0.518373 -0.854419
    endloop
  endfacet
  facet normal 0.039600 0.578929 -0.814416
    outer loop
      vertex 0.128399 0.617888 -0.775711
      vertex -0.035458 0.518373 -0.854419
      vertex -0.043067 0.629617 -0.775711
    endloop
  endfacet
  facet normal -0.118062 0.568145 -0.814416
    outer loop
      vertex -0.043067 0.629617 -0.775711
      vertex -0.035458 0.518373 -0.854419
      vertex -0.173998 0.489584 -0.854419
    endloop
  endfacet
  facet normal -0.118062 0.568145 -0.814416
    outer loop
      vertex -0.043067 0.629617 -0.775711
      vertex -0.173998 0.489584 -0.854419
      vertex -0.211338 0.594650 -0.775711
    endloop
  endfacet
  facet normal -0.266967 0.515224 -0.814416
    outer loop
      vertex -0.211338 0.594650 -0.775711
      vertex -0.173998 0.489584 -0.854419
      vertex -0.299634 0.424484 -0.854419
    endloop
  endfacet
  facet normal -0.266967 0.515224 -0.814416
    outer loop
      vertex -0.211338 0.594650 -0.775711
      vertex -0.299634 0.424484 -0.854419
      vertex -0.363936 0.515580 -0.775711
    endloop
  endfacet
  facet normal -0.396073 0.424091 -0.814416
    outer loop
      vertex -0.363936 0.515580 -0.775711
      vertex -0.299634 0.424484 -0.854419
      vertex -0.403047 0.327903 -0.854419
    endloop
  endfacet
  facet normal -0.396073 0.424091 -0.814416
    outer loop
      vertex -0.363936 0.515580 -0.775711
      vertex -0.403047 0.327903 -0.854419
      vertex -0.489542 0.398272 -0.775711
    endloop
  endfacet
  facet normal -0.495804 0.301505 -0.814416
    outer loop
      vertex -0.489542 0.398272 -0.775711
      vertex -0.403047 0.327903 -0.854419
      vertex -0.476568 0.207003 -0.854419
    endloop
  endfacet
  facet normal -0.495804 0.301505 -0.814416
    outer loop
      vertex -0.489542 0.398272 -0.775711
      vertex -0.476568 0.207003 -0.854419
      vertex -0.578841 0.251426 -0.775711
    endloop
  endfacet
  facet normal -0.558764 0.156558 -0.814416
    outer loop
      vertex -0.578841 0.251426 -0.775711
      vertex -0.476568 0.207003 -0.854419
      vertex -0.514745 0.070750 -0.854419
    endloop
  endfacet
  facet normal -0.558764 0.156558 -0.814416
    outer loop
      vertex -0.578841 0.251426 -0.775711
      vertex -0.514745 0.070750 -0.854419
      vertex -0.625210 0.085933 -0.775711
    endloop
  endfacet
  facet normal -0.580282 0.000000 -0.814416
    outer loop
      vertex -0.625210 0.085933 -0.775711
      vertex -0.514745 0.070750 -0.854419
      vertex -0.514745 -0.070750 -0.854419
    endloop
  endfacet
  facet normal -0.580282 0.000000 -0.814416
    outer loop
      vertex -0.625210 0.085933 -0.775711
      vertex -0.514745 -0.070750 -0.854419
      vertex -0.625210 -0.085933 -0.775711
    endloop
  endfacet
  facet normal -0.558764 -0.156558 -0.814416
    outer loop
      vertex -0.625210 -0.085933 -0.775711
      vertex -0.514745 -0.070750 -0.854419
      vertex -0.476568 -0.207003 -0.854419
    endloop
  endfacet
  facet normal -0.558764 -0.156558 -0.814416
    outer loop
      vertex -0.625210 -0.085933 -0.775711
      vertex -0.476568 -0.207003 -0.854419
      vertex -0.578841 -0.251426 -0.775711
    endloop
  endfacet
  facet normal -0.495804 -0.301505 -0.814416
    outer loop
      vertex -0.578841 -0.251426 -0.775711
      vertex -0.476568 -0.207003 -0.854419
      vertex -0.403047 -0.327903 -0.854419
    endloop
  endfacet
  facet normal -0.495804 -0.301505 -0.814416
    outer loop
      vertex -0.578841 -0.251426 -0.775711
      vertex -0.403047 -0.327903 -0.854419
      vertex -0.489542 -0.398272 -0.775711
    endloop
  endfacet
  facet normal -0.396073 -0.424091 -0.814416
    outer loop
      vertex -0.489542 -0.398272 -0.775711
      vertex -0.403047 -0.327903 -0.854419
      vertex -0.299634 -0.424484 -0.854419
    endloop
  endfacet
  facet normal -0.396073 -0.424091 -0.814416
    outer loop
      vertex -0.489542 -0.398272 -0.775711
      vertex -0.299634 -0.424484 -0.854419
      vertex -0.363936 -0.515580 -0.775711
    endloop
  endfacet
  facet normal -0.266967 -0.515224 -0.814416
    outer loop
      vertex -0.363936 -0.515580 -0.775711
      vertex -0.299634 -0.424484 -0.854419
      vertex -0.173998 -0.489584 -0.854419
    endloop
  endfacet
  facet normal -0.266967 -0.515224 -0.814416
    outer loop
      vertex -0.363936 -0.515580 -0.775711
      vertex -0.173998 -0.489584 -0.854419
      vertex -0.211338 -0.594650 -0.775711
    endloop
  endfacet
  facet normal -0.118062 -0.568145 -0.814416
    outer loop
      vertex -0.211338 -0.594650 -0.775711
      vertex -0.173998 -0.489584 -0.854419
      vertex -0.035458 -0.518373 -0.854419
    endloop
  endfacet
  facet normal -0.118062 -0.568145 -0.814416
    outer loop
      vertex -0.211338 -0.594650 -0.775711
      vertex -0.035458 -0.518373 -0.854419
      vertex -0.043067 -0.629617 -0.775711
    endloop
  endfacet
  facet normal 0.039600 -0.578929 -0.814416
    outer loop
      vertex -0.043067 -0.629617 -0.775711
      vertex -0.035458 -0.518373 -0.854419
      vertex 0.105712 -0.508716 -0.854419
    endloop
  endfacet
  facet normal 0.039600 -0.578929 -0.814416
    outer loop
      vertex -0.043067 -0.629617 -0.775711
      vertex 0.105712 -0.508716 -0.854419
      vertex 0.128399 -0.617888 -0.775711
    endloop
  endfacet
  facet normal 0.194325 -0.546777 -0.814416
    outer loop
      vertex 0.128399 -0.617888 -0.775711
      vertex 0.105712 -0.508716 -0.854419
      vertex 0.239042 -0.461331 -0.854419
    endloop
  endfacet
  facet normal 0.194325 -0.546777 -0.814416
    outer loop
      vertex 0.128399 -0.617888 -0.775711
      vertex 0.239042 -0.461331 -0.854419
      vertex 0.290341 -0.560334 -0.775711
    endloop
  endfacet
  facet normal 0.334637 -0.474073 -0.814416
    outer loop
      vertex 0.290341 -0.560334 -0.775711
      vertex 0.239042 -0.461331 -0.854419
      vertex 0.354644 -0.379731 -0.854419
    endloop
  endfacet
  facet normal 0.334637 -0.474073 -0.814416
    outer loop
      vertex 0.290341 -0.560334 -0.775711
      vertex 0.354644 -0.379731 -0.854419
      vertex 0.430751 -0.461222 -0.775711
    endloop
  endfacet
  facet normal 0.450131 -0.366209 -0.814416
    outer loop
      vertex 0.430751 -0.461222 -0.775711
      vertex 0.354644 -0.379731 -0.854419
      vertex 0.443943 -0.269967 -0.854419
    endloop
  endfacet
  facet normal 0.450131 -0.366209 -0.814416
    outer loop
      vertex 0.430751 -0.461222 -0.775711
      vertex 0.443943 -0.269967 -0.854419
      vertex 0.539214 -0.327903 -0.775711
    endloop
  endfacet
  facet normal 0.532241 -0.231185 -0.814416
    outer loop
      vertex 0.539214 -0.327903 -0.775711
      vertex 0.443943 -0.269967 -0.854419
      vertex 0.500316 -0.140182 -0.854419
    endloop
  endfacet
  facet normal 0.532241 -0.231185 -0.814416
    outer loop
      vertex 0.539214 -0.327903 -0.775711
      vertex 0.500316 -0.140182 -0.854419
      vertex 0.607685 -0.170265 -0.775711
    endloop
  endfacet
  facet normal 0.574877 -0.079015 -0.814416
    outer loop
      vertex 0.607685 -0.170265 -0.775711
      vertex 0.500316 -0.140182 -0.854419
      vertex 0.519584 -0.000000 -0.854419
    endloop
  endfacet
  facet normal 0.574877 -0.079015 -0.814416
    outer loop
      vertex 0.607685 -0.170265 -0.775711
      vertex 0.519584 -0.000000 -0.854419
      vertex 0.631088 -0.000000 -0.775711
    endloop
  endfacet
  facet normal 0.459148 0.063108 -0.886115
    outer loop
      vertex 0.519584 0.000000 -0.854419
      vertex 0.398401 0.000000 -0.917211
      vertex 0.383627 0.107487 -0.917211
    endloop
  endfacet
  facet normal 0.459148 0.063108 -0.886115
    outer loop
      vertex 0.519584 0.000000 -0.854419
      vertex 0.383627 0.107487 -0.917211
      vertex 0.500316 0.140182 -0.854419
    endloop
  endfacet
  facet normal 0.425095 0.184645 -0.886115
    outer loop
      vertex 0.500316 0.140182 -0.854419
      vertex 0.383627 0.107487 -0.917211
      vertex 0.340402 0.207003 -0.917211
    endloop
  endfacet
  facet normal 0.425095 0.184645 -0.886115
    outer loop
      vertex 0.500316 0.140182 -0.854419
      vertex 0.340402 0.207003 -0.917211
      vertex 0.443943 0.269967 -0.854419
    endloop
  endfacet
  facet normal 0.359515 0.292487 -0.886115
    outer loop
      vertex 0.443943 0.269967 -0.854419
      vertex 0.340402 0.207003 -0.917211
      vertex 0.271930 0.291166 -0.917211
    endloop
  endfacet
  facet normal 0.359515 0.292487 -0.886115
    outer loop
      vertex 0.443943 0.269967 -0.854419
      vertex 0.271930 0.291166 -0.917211
      vertex 0.354644 0.379731 -0.854419
    endloop
  endfacet
  facet normal 0.267271 0.378637 -0.886115
    outer loop
      vertex 0.354644 0.379731 -0.854419
      vertex 0.271930 0.291166 -0.917211
      vertex 0.183290 0.353734 -0.917211
    endloop
  endfacet
  facet normal 0.267271 0.378637 -0.886115
    outer loop
      vertex 0.354644 0.379731 -0.854419
      vertex 0.183290 0.353734 -0.917211
      vertex 0.239042 0.461331 -0.854419
    endloop
  endfacet
  facet normal 0.155205 0.436705 -0.886115
    outer loop
      vertex 0.239042 0.461331 -0.854419
      vertex 0.183290 0.353734 -0.917211
      vertex 0.081057 0.390068 -0.917211
    endloop
  endfacet
  facet normal 0.155205 0.436705 -0.886115
    outer loop
      vertex 0.239042 0.461331 -0.854419
      vertex 0.081057 0.390068 -0.917211
      vertex 0.105712 0.508716 -0.854419
    endloop
  endfacet
  facet normal 0.031628 0.462384 -0.886115
    outer loop
      vertex 0.105712 0.508716 -0.854419
      vertex 0.081057 0.390068 -0.917211
      vertex -0.027188 0.397472 -0.917211
    endloop
  endfacet
  facet normal 0.031628 0.462384 -0.886115
    outer loop
      vertex 0.105712 0.508716 -0.854419
      vertex -0.027188 0.397472 -0.917211
      vertex -0.035458 0.518373 -0.854419
    endloop
  endfacet
  facet normal -0.094295 0.453771 -0.886115
    outer loop
      vertex -0.035458 0.518373 -0.854419
      vertex -0.027188 0.397472 -0.917211
      vertex -0.133416 0.375398 -0.917211
    endloop
  endfacet
  facet normal -0.094295 0.453771 -0.886115
    outer loop
      vertex -0.035458 0.518373 -0.854419
      vertex -0.133416 0.375398 -0.917211
      vertex -0.173998 0.489584 -0.854419
    endloop
  endfacet
  facet normal -0.213224 0.411503 -0.886115
    outer loop
      vertex -0.173998 0.489584 -0.854419
      vertex -0.133416 0.375398 -0.917211
      vertex -0.229750 0.325482 -0.917211
    endloop
  endfacet
  facet normal -0.213224 0.411503 -0.886115
    outer loop
      vertex -0.173998 0.489584 -0.854419
      vertex -0.229750 0.325482 -0.917211
      vertex -0.299634 0.424484 -0.854419
    endloop
  endfacet
  facet normal -0.316339 0.338717 -0.886115
    outer loop
      vertex -0.299634 0.424484 -0.854419
      vertex -0.229750 0.325482 -0.917211
      vertex -0.309044 0.251426 -0.917211
    endloop
  endfacet
  facet normal -0.316339 0.338717 -0.886115
    outer loop
      vertex -0.299634 0.424484 -0.854419
      vertex -0.309044 0.251426 -0.917211
      vertex -0.403047 0.327903 -0.854419
    endloop
  endfacet
  facet normal -0.395993 0.240809 -0.886115
    outer loop
      vertex -0.403047 0.327903 -0.854419
      vertex -0.309044 0.251426 -0.917211
      vertex -0.365418 0.158723 -0.917211
    endloop
  endfacet
  facet normal -0.395993 0.240809 -0.886115
    outer loop
      vertex -0.403047 0.327903 -0.854419
      vertex -0.365418 0.158723 -0.917211
      vertex -0.476568 0.207003 -0.854419
    endloop
  endfacet
  facet normal -0.446278 0.125041 -0.886115
    outer loop
      vertex -0.476568 0.207003 -0.854419
      vertex -0.365418 0.158723 -0.917211
      vertex -0.394690 0.054249 -0.917211
    endloop
  endfacet
  facet normal -0.446278 0.125041 -0.886115
    outer loop
      vertex -0.476568 0.207003 -0.854419
      vertex -0.394690 0.054249 -0.917211
      vertex -0.514745 0.070750 -0.854419
    endloop
  endfacet
  facet normal -0.463465 0.000000 -0.886115
    outer loop
      vertex -0.514745 0.070750 -0.854419
      vertex -0.394690 0.054249 -0.917211
      vertex -0.394690 -0.054249 -0.917211
    endloop
  endfacet
  facet normal -0.463465 -0.000000 -0.886115
    outer loop
      vertex -0.514745 0.070750 -0.854419
      vertex -0.394690 -0.054249 -0.917211
      vertex -0.514745 -0.070750 -0.854419
    endloop
  endfacet
  facet normal -0.446278 -0.125041 -0.886115
    outer loop
      vertex -0.514745 -0.070750 -0.854419
      vertex -0.394690 -0.054249 -0.917211
      vertex -0.365418 -0.158723 -0.917211
    endloop
  endfacet
  facet normal -0.446278 -0.125041 -0.886115
    outer loop
      vertex -0.514745 -0.070750 -0.854419
      vertex -0.365418 -0.158723 -0.917211
      vertex -0.476568 -0.207003 -0.854419
    endloop
  endfacet
  facet normal -0.395993 -0.240809 -0.886115
    outer loop
      vertex -0.476568 -0.207003 -0.854419
      vertex -0.365418 -0.158723 -0.917211
      vertex -0.309044 -0.251426 -0.917211
    endloop
  endfacet
  facet normal -0.395993 -0.240809 -0.886115
    outer loop
      vertex -0.476568 -0.207003 -0.854419
      vertex -0.309044 -0.251426 -0.917211
      vertex -0.403047 -0.327903 -0.854419
    endloop
  endfacet
  facet normal -0.316339 -0.338717 -0.886115
    outer loop
      vertex -0.403047 -0.327903 -0.854419
      vertex -0.309044 -0.251426 -0.917211
      vertex -0.229750 -0.325482 -0.917211
    endloop
  endfacet
  facet normal -0.316339 -0.338717 -0.886115
    outer loop
      vertex -0.403047 -0.327903 -0.854419
      vertex -0.229750 -0.325482 -0.917211
      vertex -0.299634 -0.424484 -0.854419
    endloop
  endfacet
  facet normal -0.213224 -0.411503 -0.886115
    outer loop
      vertex -0.299634 -0.424484 -0.854419
      vertex -0.229750 -0.325482 -0.917211
      vertex -0.133416 -0.375398 -0.917211
    endloop
  endfacet
  facet normal -0.213224 -0.411503 -0.886115
    outer loop
      vertex -0.299634 -0.424484 -0.854419
      vertex -0.133416 -0.375398 -0.917211
      vertex -0.173998 -0.489584 -0.854419
    endloop
  endfacet
  facet normal -0.094295 -0.453771 -0.886115
    outer loop
      vertex -0.173998 -0.489584 -0.854419
      vertex -0.133416 -0.375398 -0.917211
      vertex -0.027188 -0.397472 -0.917211
    endloop
  endfacet
  facet normal -0.094295 -0.453771 -0.886115
    outer loop
      vertex -0.173998 -0.489584 -0.854419
      vertex -0.027188 -0.397472 -0.917211
      vertex -0.035458 -0.518373 -0.854419
    endloop
  endfacet
  facet normal 0.031628 -0.462384 -0.886115
    outer loop
      vertex -0.035458 -0.518373 -0.854419
      vertex -0.027188 -0.397472 -0.917211
      vertex 0.081057 -0.390068 -0.917211
    endloop
  endfacet
  facet normal 0.031628 -0.462384 -0.886115
    outer loop
      vertex -0.035458 -0.518373 -0.854419
      vertex 0.081057 -0.390068 -0.917211
      vertex 0.105712 -0.508716 -0.854419
    endloop
  endfacet
  facet normal 0.155205 -0.436705 -0.886115
    outer loop
      vertex 0.105712 -0.508716 -0.854419
      vertex 0.081057 -0.390068 -0.917211
      vertex 0.183290 -0.353734 -0.917211
    endloop
  endfacet
  facet normal 0.155205 -0.436705 -0.886115
    outer loop
      vertex 0.105712 -0.508716 -0.854419
      vertex 0.183290 -0.353734 -0.917211
      vertex 0.239042 -0.461331 -0.854419
    endloop
  endfacet
  facet normal 0.267271 -0.378637 -0.886115
    outer loop
      vertex 0.239042 -0.461331 -0.854419
      vertex 0.183290 -0.353734 -0.917211
      vertex 0.271930 -0.291166 -0.917211
    endloop
  endfacet
  facet normal 0.267271 -0.378637 -0.886115
    outer loop
      vertex 0.239042 -0.461331 -0.854419
      vertex 0.271930 -0.291166 -0.917211
      vertex 0.354644 -0.379731 -0.854419
    endloop
  endfacet
  facet normal 0.359515 -0.292487 -0.886115
    outer loop
      vertex 0.354644 -0.379731 -0.854419
      vertex 0.271930 -0.291166 -0.917211
      vertex 0.340402 -0.207003 -0.917211
    endloop
  endfacet
  facet normal 0.359515 -0.292487 -0.886115
    outer loop
      vertex 0.354644 -0.379731 -0.854419
      vertex 0.340402 -0.207003 -0.917211
      vertex 0.443943 -0.269967 -0.854419
    endloop
  endfacet
  facet normal 0.425095 -0.184645 -0.886115
    outer loop
      vertex 0.443943 -0.269967 -0.854419
      vertex 0.340402 -0.207003 -0.917211
      vertex 0.383627 -0.107487 -0.917211
    endloop
  endfacet
  facet normal 0.425095 -0.184645 -0.886115
    outer loop
      vertex 0.443943 -0.269967 -0.854419
      vertex 0.383627 -0.107487 -0.917211
      vertex 0.500316 -0.140182 -0.854419
    endloop
  endfacet
  facet normal 0.459148 -0.063108 -0.886115
    outer loop
      vertex 0.500316 -0.140182 -0.854419
      vertex 0.383627 -0.107487 -0.917211
      vertex 0.398401 -0.000000 -0.917211
    endloop
  endfacet
  facet normal 0.459148 -0.063108 -0.886115
    outer loop
      vertex 0.500316 -0.140182 -0.854419
      vertex 0.398401 -0.000000 -0.917211
      vertex 0.519584 -0.000000 -0.854419
    endloop
  endfacet
  facet normal 0.334525 0.045979 -0.941264
    outer loop
      vertex 0.398401 0.000000 -0.917211
      vertex 0.269797 0.000000 -0.962917
      vertex 0.259792 0.072790 -0.962917
    endloop
  endfacet
  facet normal 0.334525 0.045979 -0.941264
    outer loop
      vertex 0.398401 0.000000 -0.917211
      vertex 0.259792 0.072790 -0.962917
      vertex 0.383627 0.107487 -0.917211
    endloop
  endfacet
  facet normal 0.309715 0.134528 -0.941264
    outer loop
      vertex 0.383627 0.107487 -0.917211
      vertex 0.259792 0.072790 -0.962917
      vertex 0.230520 0.140182 -0.962917
    endloop
  endfacet
  facet normal 0.309715 0.134528 -0.941264
    outer loop
      vertex 0.383627 0.107487 -0.917211
      vertex 0.230520 0.140182 -0.962917
      vertex 0.340402 0.207003 -0.917211
    endloop
  endfacet
  facet normal 0.261935 0.213100 -0.941264
    outer loop
      vertex 0.340402 0.207003 -0.917211
      vertex 0.230520 0.140182 -0.962917
      vertex 0.184151 0.197177 -0.962917
    endloop
  endfacet
  facet normal 0.261935 0.213100 -0.941264
    outer loop
      vertex 0.340402 0.207003 -0.917211
      vertex 0.184151 0.197177 -0.962917
      vertex 0.271930 0.291166 -0.917211
    endloop
  endfacet
  facet normal 0.194728 0.275867 -0.941264
    outer loop
      vertex 0.271930 0.291166 -0.917211
      vertex 0.184151 0.197177 -0.962917
      vertex 0.124124 0.239549 -0.962917
    endloop
  endfacet
  facet normal 0.194728 0.275867 -0.941264
    outer loop
      vertex 0.271930 0.291166 -0.917211
      vertex 0.124124 0.239549 -0.962917
      vertex 0.183290 0.353734 -0.917211
    endloop
  endfacet
  facet normal 0.113079 0.318174 -0.941264
    outer loop
      vertex 0.183290 0.353734 -0.917211
      vertex 0.124124 0.239549 -0.962917
      vertex 0.054892 0.264154 -0.962917
    endloop
  endfacet
  facet normal 0.113079 0.318174 -0.941264
    outer loop
      vertex 0.183290 0.353734 -0.917211
      vertex 0.054892 0.264154 -0.962917
      vertex 0.081057 0.390068 -0.917211
    endloop
  endfacet
  facet normal 0.023043 0.336883 -0.941264
    outer loop
      vertex 0.081057 0.390068 -0.917211
      vertex 0.054892 0.264154 -0.962917
      vertex -0.018412 0.269168 -0.962917
    endloop
  endfacet
  facet normal 0.023043 0.336883 -0.941264
    outer loop
      vertex 0.081057 0.390068 -0.917211
      vertex -0.018412 0.269168 -0.962917
      vertex -0.027188 0.397472 -0.917211
    endloop
  endfacet
  facet normal -0.068701 0.330608 -0.941264
    outer loop
      vertex -0.027188 0.397472 -0.917211
      vertex -0.018412 0.269168 -0.962917
      vertex -0.090349 0.254219 -0.962917
    endloop
  endfacet
  facet normal -0.068701 0.330608 -0.941264
    outer loop
      vertex -0.027188 0.397472 -0.917211
      vertex -0.090349 0.254219 -0.962917
      vertex -0.133416 0.375398 -0.917211
    endloop
  endfacet
  facet normal -0.155350 0.299813 -0.941264
    outer loop
      vertex -0.133416 0.375398 -0.917211
      vertex -0.090349 0.254219 -0.962917
      vertex -0.155586 0.220416 -0.962917
    endloop
  endfacet
  facet normal -0.155350 0.299813 -0.941264
    outer loop
      vertex -0.133416 0.375398 -0.917211
      vertex -0.155586 0.220416 -0.962917
      vertex -0.229750 0.325482 -0.917211
    endloop
  endfacet
  facet normal -0.230478 0.246782 -0.941264
    outer loop
      vertex -0.229750 0.325482 -0.917211
      vertex -0.155586 0.220416 -0.962917
      vertex -0.209284 0.170265 -0.962917
    endloop
  endfacet
  facet normal -0.230478 0.246782 -0.941264
    outer loop
      vertex -0.229750 0.325482 -0.917211
      vertex -0.209284 0.170265 -0.962917
      vertex -0.309044 0.251426 -0.917211
    endloop
  endfacet
  facet normal -0.288512 0.175448 -0.941264
    outer loop
      vertex -0.309044 0.251426 -0.917211
      vertex -0.209284 0.170265 -0.962917
      vertex -0.247461 0.107487 -0.962917
    endloop
  endfacet
  facet normal -0.288512 0.175448 -0.941264
    outer loop
      vertex -0.309044 0.251426 -0.917211
      vertex -0.247461 0.107487 -0.962917
      vertex -0.365418 0.158723 -0.917211
    endloop
  endfacet
  facet normal -0.325149 0.091102 -0.941264
    outer loop
      vertex -0.365418 0.158723 -0.917211
      vertex -0.247461 0.107487 -0.962917
      vertex -0.267284 0.036737 -0.962917
    endloop
  endfacet
  facet normal -0.325149 0.091102 -0.941264
    outer loop
      vertex -0.365418 0.158723 -0.917211
      vertex -0.267284 0.036737 -0.962917
      vertex -0.394690 0.054249 -0.917211
    endloop
  endfacet
  facet normal -0.337671 0.000000 -0.941264
    outer loop
      vertex -0.394690 0.054249 -0.917211
      vertex -0.267284 0.036737 -0.962917
      vertex -0.267284 -0.036737 -0.962917
    endloop
  endfacet
  facet normal -0.337671 0.000000 -0.941264
    outer loop
      vertex -0.394690 0.054249 -0.917211
      vertex -0.267284 -0.036737 -0.962917
      vertex -0.394690 -0.054249 -0.917211
    endloop
  endfacet
  facet normal -0.325149 -0.091102 -0.941264
    outer loop
      vertex -0.394690 -0.054249 -0.917211
      vertex -0.267284 -0.036737 -0.962917
      vertex -0.247461 -0.107487 -0.962917
    endloop
  endfacet
  facet normal -0.325149 -0.091102 -0.941264
    outer loop
      vertex -0.394690 -0.054249 -0.917211
      vertex -0.247461 -0.107487 -0.962917
      vertex -0.365418 -0.158723 -0.917211
    endloop
  endfacet
  facet normal -0.288512 -0.175448 -0.941264
    outer loop
      vertex -0.365418 -0.158723 -0.917211
      vertex -0.247461 -0.107487 -0.962917
      vertex -0.209284 -0.170265 -0.962917
    endloop
  endfacet
  facet normal -0.288512 -0.175448 -0.941264
    outer loop
      vertex -0.365418 -0.158723 -0.917211
      vertex -0.209284 -0.170265 -0.962917
      vertex -0.309044 -0.251426 -0.917211
    endloop
  endfacet
  facet normal -0.230478 -0.246782 -0.941264
    outer loop
      vertex -0.309044 -0.251426 -0.917211
      vertex -0.209284 -0.170265 -0.962917
      vertex -0.155586 -0.220416 -0.962917
    endloop
  endfacet
  facet normal -0.230478 -0.246782 -0.941264
    outer loop
      vertex -0.309044 -0.251426 -0.917211
      vertex -0.155586 -0.220416 -0.962917
      vertex -0.229750 -0.325482 -0.917211
    endloop
  endfacet
  facet normal -0.155350 -0.299813 -0.941264
    outer loop
      vertex -0.229750 -0.325482 -0.917211
      vertex -0.155586 -0.220416 -0.962917
      vertex -0.090349 -0.254219 -0.962917
    endloop
  endfacet
  facet normal -0.155350 -0.299813 -0.941264
    outer loop
      vertex -0.229750 -0.325482 -0.917211
      vertex -0.090349 -0.254219 -0.962917
      vertex -0.133416 -0.375398 -0.917211
    endloop
  endfacet
  facet normal -0.068701 -0.330608 -0.941264
    outer loop
      vertex -0.133416 -0.375398 -0.917211
      vertex -0.090349 -0.254219 -0.962917
      vertex -0.018412 -0.269168 -0.962917
    endloop
  endfacet
  facet normal -0.068701 -0.330608 -0.941264
    outer loop
      vertex -0.133416 -0.375398 -0.917211
      vertex -0.018412 -0.269168 -0.962917
      vertex -0.027188 -0.397472 -0.917211
    endloop
  endfacet
  facet normal 0.023043 -0.336883 -0.941264
    outer loop
      vertex -0.027188 -0.397472 -0.917211
      vertex -0.018412 -0.269168 -0.962917
      vertex 0.054892 -0.264154 -0.962917
    endloop
  endfacet
  facet normal 0.023043 -0.336883 -0.941264
    outer loop
      vertex -0.027188 -0.397472 -0.917211
      vertex 0.054892 -0.264154 -0.962917
      vertex 0.081057 -0.390068 -0.917211
    endloop
  endfacet
  facet normal 0.113079 -0.318174 -0.941264
    outer loop
      vertex 0.081057 -0.390068 -0.917211
      vertex 0.054892 -0.264154 -0.962917
      vertex 0.124124 -0.239549 -0.962917
    endloop
  endfacet
  facet normal 0.113079 -0.318174 -0.941264
    outer loop
      vertex 0.081057 -0.390068 -0.917211
      vertex 0.124124 -0.239549 -0.962917
      vertex 0.183290 -0.353734 -0.917211
    endloop
  endfacet
  facet normal 0.194728 -0.275867 -0.941264
    outer loop
      vertex 0.183290 -0.353734 -0.917211
      vertex 0.124124 -0.239549 -0.962917
      vertex 0.184151 -0.197177 -0.962917
    endloop
  endfacet
  facet normal 0.194728 -0.275867 -0.941264
    outer loop
      vertex 0.183290 -0.353734 -0.917211
      vertex 0.184151 -0.197177 -0.962917
      vertex 0.271930 -0.291166 -0.917211
    endloop
  endfacet
  facet normal 0.261935 -0.213100 -0.941264
    outer loop
      vertex 0.271930 -0.291166 -0.917211
      vertex 0.184151 -0.197177 -0.962917
      vertex 0.230520 -0.140182 -0.962917
    endloop
  endfacet
  facet normal 0.261935 -0.213100 -0.941264
    outer loop
      vertex 0.271930 -0.291166 -0.917211
      vertex 0.230520 -0.140182 -0.962917
      vertex 0.340402 -0.207003 -0.917211
    endloop
  endfacet
  facet normal 0.309715 -0.134528 -0.941264
    outer loop
      vertex 0.340402 -0.207003 -0.917211
      vertex 0.230520 -0.140182 -0.962917
      vertex 0.259792 -0.072790 -0.962917
    endloop
  endfacet
  facet normal 0.309715 -0.134528 -0.941264
    outer loop
      vertex 0.340402 -0.207003 -0.917211
      vertex 0.259792 -0.072790 -0.962917
      vertex 0.383627 -0.107487 -0.917211
    endloop
  endfacet
  facet normal 0.334525 -0.045979 -0.941264
    outer loop
      vertex 0.383627 -0.107487 -0.917211
      vertex 0.259792 -0.072790 -0.962917
      vertex 0.269797 -0.000000 -0.962917
    endloop
  endfacet
  facet normal 0.334525 -0.045979 -0.941264
    outer loop
      vertex 0.383627 -0.107487 -0.917211
      vertex 0.269797 -0.000000 -0.962917
      vertex 0.398401 -0.000000 -0.917211
    endloop
  endfacet
  facet normal 0.203377 0.027953 -0.978701
    outer loop
      vertex 0.269797 0.000000 -0.962917
      vertex 0.136167 0.000000 -0.990686
      vertex 0.131117 0.036737 -0.990686
    endloop
  endfacet
  facet normal 0.203377 0.027953 -0.978701
    outer loop
      vertex 0.269797 0.000000 -0.962917
      vertex 0.131117 0.036737 -0.990686
      vertex 0.259792 0.072790 -0.962917
    endloop
  endfacet
  facet normal 0.188293 0.081787 -0.978701
    outer loop
      vertex 0.259792 0.072790 -0.962917
      vertex 0.131117 0.036737 -0.990686
      vertex 0.116343 0.070750 -0.990686
    endloop
  endfacet
  facet normal 0.188293 0.081787 -0.978701
    outer loop
      vertex 0.259792 0.072790 -0.962917
      vertex 0.116343 0.070750 -0.990686
      vertex 0.230520 0.140182 -0.962917
    endloop
  endfacet
  facet normal 0.159245 0.129555 -0.978701
    outer loop
      vertex 0.230520 0.140182 -0.962917
      vertex 0.116343 0.070750 -0.990686
      vertex 0.092941 0.099515 -0.990686
    endloop
  endfacet
  facet normal 0.159245 0.129555 -0.978701
    outer loop
      vertex 0.230520 0.140182 -0.962917
      vertex 0.092941 0.099515 -0.990686
      vertex 0.184151 0.197177 -0.962917
    endloop
  endfacet
  facet normal 0.118386 0.167715 -0.978701
    outer loop
      vertex 0.184151 0.197177 -0.962917
      vertex 0.092941 0.099515 -0.990686
      vertex 0.062646 0.120900 -0.990686
    endloop
  endfacet
  facet normal 0.118386 0.167715 -0.978701
    outer loop
      vertex 0.184151 0.197177 -0.962917
      vertex 0.062646 0.120900 -0.990686
      vertex 0.124124 0.239549 -0.962917
    endloop
  endfacet
  facet normal 0.068747 0.193435 -0.978701
    outer loop
      vertex 0.124124 0.239549 -0.962917
      vertex 0.062646 0.120900 -0.990686
      vertex 0.027704 0.133319 -0.990686
    endloop
  endfacet
  facet normal 0.068747 0.193435 -0.978701
    outer loop
      vertex 0.124124 0.239549 -0.962917
      vertex 0.027704 0.133319 -0.990686
      vertex 0.054892 0.264154 -0.962917
    endloop
  endfacet
  facet normal 0.014009 0.204810 -0.978701
    outer loop
      vertex 0.054892 0.264154 -0.962917
      vertex 0.027704 0.133319 -0.990686
      vertex -0.009292 0.135849 -0.990686
    endloop
  endfacet
  facet normal 0.014009 0.204810 -0.978701
    outer loop
      vertex 0.054892 0.264154 -0.962917
      vertex -0.009292 0.135849 -0.990686
      vertex -0.018412 0.269168 -0.962917
    endloop
  endfacet
  facet normal -0.041767 0.200995 -0.978701
    outer loop
      vertex -0.018412 0.269168 -0.962917
      vertex -0.009292 0.135849 -0.990686
      vertex -0.045599 0.128305 -0.990686
    endloop
  endfacet
  facet normal -0.041767 0.200995 -0.978701
    outer loop
      vertex -0.018412 0.269168 -0.962917
      vertex -0.045599 0.128305 -0.990686
      vertex -0.090349 0.254219 -0.962917
    endloop
  endfacet
  facet normal -0.094446 0.182273 -0.978701
    outer loop
      vertex -0.090349 0.254219 -0.962917
      vertex -0.045599 0.128305 -0.990686
      vertex -0.078525 0.111244 -0.990686
    endloop
  endfacet
  facet normal -0.094446 0.182273 -0.978701
    outer loop
      vertex -0.090349 0.254219 -0.962917
      vertex -0.078525 0.111244 -0.990686
      vertex -0.155586 0.220416 -0.962917
    endloop
  endfacet
  facet normal -0.140120 0.150032 -0.978701
    outer loop
      vertex -0.155586 0.220416 -0.962917
      vertex -0.078525 0.111244 -0.990686
      vertex -0.105626 0.085933 -0.990686
    endloop
  endfacet
  facet normal -0.140120 0.150032 -0.978701
    outer loop
      vertex -0.155586 0.220416 -0.962917
      vertex -0.105626 0.085933 -0.990686
      vertex -0.209284 0.170265 -0.962917
    endloop
  endfacet
  facet normal -0.175403 0.106665 -0.978701
    outer loop
      vertex -0.209284 0.170265 -0.962917
      vertex -0.105626 0.085933 -0.990686
      vertex -0.124894 0.054249 -0.990686
    endloop
  endfacet
  facet normal -0.175403 0.106665 -0.978701
    outer loop
      vertex -0.209284 0.170265 -0.962917
      vertex -0.124894 0.054249 -0.990686
      vertex -0.247461 0.107487 -0.962917
    endloop
  endfacet
  facet normal -0.197676 0.055386 -0.978701
    outer loop
      vertex -0.247461 0.107487 -0.962917
      vertex -0.124894 0.054249 -0.990686
      vertex -0.134898 0.018541 -0.990686
    endloop
  endfacet
  facet normal -0.197676 0.055386 -0.978701
    outer loop
      vertex -0.247461 0.107487 -0.962917
      vertex -0.134898 0.018541 -0.990686
      vertex -0.267284 0.036737 -0.962917
    endloop
  endfacet
  facet normal -0.205289 0.000000 -0.978701
    outer loop
      vertex -0.267284 0.036737 -0.962917
      vertex -0.134898 0.018541 -0.990686
      vertex -0.134898 -0.018541 -0.990686
    endloop
  endfacet
  facet normal -0.205289 0.000000 -0.978701
    outer loop
      vertex -0.267284 0.036737 -0.962917
      vertex -0.134898 -0.018541 -0.990686
      vertex -0.267284 -0.036737 -0.962917
    endloop
  endfacet
  facet normal -0.197676 -0.055386 -0.978701
    outer loop
      vertex -0.267284 -0.036737 -0.962917
      vertex -0.134898 -0.018541 -0.990686
      vertex -0.124894 -0.054249 -0.990686
    endloop
  endfacet
  facet normal -0.197676 -0.055386 -0.978701
    outer loop
      vertex -0.267284 -0.036737 -0.962917
      vertex -0.124894 -0.054249 -0.990686
      vertex -0.247461 -0.107487 -0.962917
    endloop
  endfacet
  facet normal -0.175403 -0.106665 -0.978701
    outer loop
      vertex -0.247461 -0.107487 -0.962917
      vertex -0.124894 -0.054249 -0.990686
      vertex -0.105626 -0.085933 -0.990686
    endloop
  endfacet
  facet normal -0.175403 -0.106665 -0.978701
    outer loop
      vertex -0.247461 -0.107487 -0.962917
      vertex -0.105626 -0.085933 -0.990686
      vertex -0.209284 -0.170265 -0.962917
    endloop
  endfacet
  facet normal -0.140120 -0.150032 -0.978701
    outer loop
      vertex -0.209284 -0.170265 -0.962917
      vertex -0.105626 -0.085933 -0.990686
      vertex -0.078525 -0.111244 -0.990686
    endloop
  endfacet
  facet normal -0.140120 -0.150032 -0.978701
    outer loop
      vertex -0.209284 -0.170265 -0.962917
      vertex -0.078525 -0.111244 -0.990686
      vertex -0.155586 -0.220416 -0.962917
    endloop
  endfacet
  facet normal -0.094446 -0.182273 -0.978701
    outer loop
      vertex -0.155586 -0.220416 -0.962917
      vertex -0.078525 -0.111244 -0.990686
      vertex -0.045599 -0.128305 -0.990686
    endloop
  endfacet
  facet normal -0.094446 -0.182273 -0.978701
    outer loop
      vertex -0.155586 -0.220416 -0.962917
      vertex -0.045599 -0.128305 -0.990686
      vertex -0.090349 -0.254219 -0.962917
    endloop
  endfacet
  facet normal -0.041767 -0.200995 -0.978701
    outer loop
      vertex -0.090349 -0.254219 -0.962917
      vertex -0.045599 -0.128305 -0.990686
      vertex -0.009292 -0.135849 -0.990686
    endloop
  endfacet
  facet normal -0.041767 -0.200995 -0.978701
    outer loop
      vertex -0.090349 -0.254219 -0.962917
      vertex -0.009292 -0.135849 -0.990686
      vertex -0.018412 -0.269168 -0.962917
    endloop
  endfacet
  facet normal 0.014009 -0.204810 -0.978701
    outer loop
      vertex -0.018412 -0.269168 -0.962917
      vertex -0.009292 -0.135849 -0.990686
      vertex 0.027704 -0.133319 -0.990686
    endloop
  endfacet
  facet normal 0.014009 -0.204810 -0.978701
    outer loop
      vertex -0.018412 -0.269168 -0.962917
      vertex 0.027704 -0.133319 -0.990686
      vertex 0.054892 -0.264154 -0.962917
    endloop
  endfacet
  facet normal 0.068747 -0.193435 -0.978701
    outer loop
      vertex 0.054892 -0.264154 -0.962917
      vertex 0.027704 -0.133319 -0.990686
      vertex 0.062646 -0.120900 -0.990686
    endloop
  endfacet
  facet normal 0.068747 -0.193435 -0.978701
    outer loop
      vertex 0.054892 -0.264154 -0.962917
      vertex 0.062646 -0.120900 -0.990686
      vertex 0.124124 -0.239549 -0.962917
    endloop
  endfacet
  facet normal 0.118386 -0.167715 -0.978701
    outer loop
      vertex 0.124124 -0.239549 -0.962917
      vertex 0.062646 -0.120900 -0.990686
      vertex 0.092941 -0.099515 -0.990686
    endloop
  endfacet
  facet normal 0.118386 -0.167715 -0.978701
    outer loop
      vertex 0.124124 -0.239549 -0.962917
      vertex 0.092941 -0.099515 -0.990686
      vertex 0.184151 -0.197177 -0.962917
    endloop
  endfacet
  facet normal 0.159245 -0.129555 -0.978701
    outer loop
      vertex 0.184151 -0.197177 -0.962917
      vertex 0.092941 -0.099515 -0.990686
      vertex 0.116343 -0.070750 -0.990686
    endloop
  endfacet
  facet normal 0.159245 -0.129555 -0.978701
    outer loop
      vertex 0.184151 -0.197177 -0.962917
      vertex 0.116343 -0.070750 -0.990686
      vertex 0.230520 -0.140182 -0.962917
    endloop
  endfacet
  facet normal 0.188293 -0.081787 -0.978701
    outer loop
      vertex 0.230520 -0.140182 -0.962917
      vertex 0.116343 -0.070750 -0.990686
      vertex 0.131117 -0.036737 -0.990686
    endloop
  endfacet
  facet normal 0.188293 -0.081787 -0.978701
    outer loop
      vertex 0.230520 -0.140182 -0.962917
      vertex 0.131117 -0.036737 -0.990686
      vertex 0.259792 -0.072790 -0.962917
    endloop
  endfacet
  facet normal 0.203377 -0.027953 -0.978701
    outer loop
      vertex 0.259792 -0.072790 -0.962917
      vertex 0.131117 -0.036737 -0.990686
      vertex 0.136167 -0.000000 -0.990686
    endloop
  endfacet
  facet normal 0.203377 -0.027953 -0.978701
    outer loop
      vertex 0.259792 -0.072790 -0.962917
      vertex 0.136167 -0.000000 -0.990686
      vertex 0.269797 -0.000000 -0.962917
    endloop
  endfacet
  facet normal -0.068239 -0.009379 0.997625
    outer loop
      vertex 0.136167 0.000000 -0.990686
      vertex 0.131117 0.036737 -0.990686
      vertex 0.000000 0.000000 -1.000000
    endloop
  endfacet
  facet normal -0.063178 -0.027442 0.997625
    outer loop
      vertex 0.131117 0.036737 -0.990686
      vertex 0.116343 0.070750 -0.990686
      vertex 0.000000 0.000000 -1.000000
    endloop
  endfacet
  facet normal -0.053432 -0.043470 0.997625
    outer loop
      vertex 0.116343 0.070750 -0.990686
      vertex 0.092941 0.099515 -0.990686
      vertex 0.000000 0.000000 -1.000000
    endloop
  endfacet
  facet normal -0.039722 -0.056274 0.997625
    outer loop
      vertex 0.092941 0.099515 -0.990686
      vertex 0.062646 0.120900 -0.990686
      vertex 0.000000 0.000000 -1.000000
    endloop
  endfacet
  facet normal -0.023067 -0.064904 0.997625
    outer loop
      vertex 0.062646 0.120900 -0.990686
      vertex 0.027704 0.133319 -0.990686
      vertex 0.000000 0.000000 -1.000000
    endloop
  endfacet
  facet normal -0.004701 -0.068720 0.997625
    outer loop
      vertex 0.027704 0.133319 -0.990686
      vertex -0.009292 0.135849 -0.990686
      vertex 0.000000 0.000000 -1.000000
    endloop
  endfacet
  facet normal 0.014014 -0.067440 0.997625
    outer loop
      vertex -0.009292 0.135849 -0.990686
      vertex -0.045599 0.128305 -0.990686
      vertex -0.000000 0.000000 -1.000000
    endloop
  endfacet
  facet normal 0.031690 -0.061158 0.997625
    outer loop
      vertex -0.045599 0.128305 -0.990686
      vertex -0.078525 0.111244 -0.990686
      vertex -0.000000 0.000000 -1.000000
    endloop
  endfacet
  facet normal 0.047015 -0.050341 0.997625
    outer loop
      vertex -0.078525 0.111244 -0.990686
      vertex -0.105626 0.085933 -0.990686
      vertex -0.000000 0.000000 -1.000000
    endloop
  endfacet
  facet normal 0.058853 -0.035789 0.997625
    outer loop
      vertex -0.105626 0.085933 -0.990686
      vertex -0.124894 0.054249 -0.990686
      vertex -0.000000 0.000000 -1.000000
    endloop
  endfacet
  facet normal 0.066327 -0.018584 0.997625
    outer loop
      vertex -0.124894 0.054249 -0.990686
      vertex -0.134898 0.018541 -0.990686
      vertex -0.000000 0.000000 -1.000000
    endloop
  endfacet
  facet normal 0.068881 -0.000000 0.997625
    outer loop
      vertex -0.134898 0.018541 -0.990686
      vertex -0.134898 -0.018541 -0.990686
      vertex -0.000000 0.000000 -1.000000
    endloop
  endfacet
  facet normal 0.066327 0.018584 0.997625
    outer loop
      vertex -0.134898 -0.018541 -0.990686
      vertex -0.124894 -0.054249 -0.990686
      vertex -0.000000 -0.000000 -1.000000
    endloop
  endfacet
  facet normal 0.058853 0.035789 0.997625
    outer loop
      vertex -0.124894 -0.054249 -0.990686
      vertex -0.105626 -0.085933 -0.990686
      vertex -0.000000 -0.000000 -1.000000
    endloop
  endfacet
  facet normal 0.047015 0.050341 0.997625
    outer loop
      vertex -0.105626 -0.085933 -0.990686
      vertex -0.078525 -0.111244 -0.990686
      vertex -0.000000 -0.000000 -1.000000
    endloop
  endfacet
  facet normal 0.031690 0.061158 0.997625
    outer loop
      vertex -0.078525 -0.111244 -0.990686
      vertex -0.045599 -0.128305 -0.990686
      vertex -0.000000 -0.000000 -1.000000
    endloop
  endfacet
  facet normal 0.014014 0.067440 0.997625
    outer loop
      vertex -0.045599 -0.128305 -0.990686
      vertex -0.009292 -0.135849 -0.990686
      vertex -0.000000 -0.000000 -1.000000
    endloop
  endfacet
  facet normal -0.004701 0.068720 0.997625
    outer loop
      vertex -0.009292 -0.135849 -0.990686
      vertex 0.027704 -0.133319 -0.990686
      vertex -0.000000 -0.000000 -1.000000
    endloop
  endfacet
  facet normal -0.023067 0.064904 0.997625
    outer loop
      vertex 0.027704 -0.133319 -0.990686
      vertex 0.062646 -0.120900 -0.990686
      vertex 0.000000 -0.000000 -1.000000
    endloop
  endfacet
  facet normal -0.039722 0.056274 0.997625
    outer loop
      vertex 0.062646 -0.120900 -0.990686
      vertex 0.092941 -0.099515 -0.990686
      vertex 0.000000 -0.000000 -1.000000
    endloop
  endfacet
  facet normal -0.053432 0.043470 0.997625
    outer loop
      vertex 0.092941 -0.099515 -0.990686
      vertex 0.116343 -0.070750 -0.990686
      vertex 0.000000 -0.000000 -1.000000
    endloop
  endfacet
  facet normal -0.063178 0.027442 0.997625
    outer loop
      vertex 0.116343 -0.070750 -0.990686
      vertex 0.131117 -0.036737 -0.990686
      vertex 0.000000 -0.000000 -1.000000
    endloop
  endfacet
  facet normal -0.068239 0.009379 0.997625
    outer loop
      vertex 0.131117 -0.036737 -0.990686
      vertex 0.136167 -0.000000 -0.990686
      vertex 0.000000 -0.000000 -1.000000
    endloop
  endfacet
endsolid sphere_r1
